file,line,snippet
src/components/accounting/personal/PersonalIncome.tsx,62,await supabase.from('accounting_ledger').insert({
src/components/ambassador/AmbassadorFieldSession.tsx,109,await supabase.from('location_events').insert({
src/components/ambassador/AmbassadorFieldSession.tsx,118,".update({ last_ping_at: ts, last_lat: lat, last_lng: lng })"
src/components/ambassador/AmbassadorFieldSession.tsx,196,".update({ ended_at: new Date().toISOString(), ended_reason: reason })"
src/components/betting/CapperGradingDashboard.tsx,112,.update({ matched_prop_id: propId })
src/components/betting/CapperGradingDashboard.tsx,115,".update({ result: 'matched', match_details: { ...(reviewItems.find((r: any) => r.id === logId)?.match_details || {}), ma"
src/components/betting/CapperGradingDashboard.tsx,120,".update({ result: 'rejected', match_details: { ...(reviewItems.find((r: any) => r.id === logId)?.match_details || {}), m"
src/components/betting/CapperPicksFeed.tsx,199,"await (supabase as any).from('sbo_capper_picks').update({ result }).eq('id', id);"
src/components/betting/CapperPicksFeed.tsx,208,"await (supabase as any).from('sbo_capper_picks').update({ result }).eq('id', pickId);"
src/components/brandaro/AIApprovalDrawer.tsx,88,".update({ status: ""sent"", sent_at: new Date().toISOString() })"
src/components/brandaro/AIApprovalDrawer.tsx,113,".update({ status: ""rejected"" })"
src/components/brandaro/AITakeoverToggle.tsx,32,.update({ ai_paused: newPaused })
src/components/brandaro/AITakeoverToggle.tsx,54,"await (supabase as any).from(""brandaro_pending_messages"").insert({"
src/components/brandaro/BrandaroLeadCard.tsx,149,.update({ ai_paused: !aiPaused })
src/components/brandaro/BuildDemoModal.tsx,65,.update({ demo_url: urlInput })
src/components/brandaro/BuildDemoModal.tsx,203,.insert({
src/components/brandaro/ConversationThread.tsx,143,"await (supabase as any).from(""brandaro_conversations"").insert({"
src/components/communication/CallSmsPanel.tsx,47,await supabase.from('outreach_sms').insert({
src/components/communication/ManualCallActions.tsx,211,await (supabase as any).from('call_dispositions').insert({
src/components/communication/ManualCampaignCallModal.tsx,281,.insert({
src/components/communication/ManualCampaignCallModal.tsx,352,".update({ twilio_call_sid: sid, updated_at: new Date().toISOString() })"
src/components/communication/ManualCampaignCallModal.tsx,550,".update({ status: ""dialing"", dialing_started_at: new Date().toISOString(), updated_at: new Date().toISOString() })"
src/components/communication/ManualCampaignCallModal.tsx,581,".update({ status: ""connected"", updated_at: new Date().toISOString() })"
src/components/communication/ManualCampaignCallModal.tsx,604,".update({ status, updated_at: new Date().toISOString() })"
src/components/communication/ManualCampaignCallModal.tsx,623,".update({ status: ""failed"", updated_at: new Date().toISOString() })"
src/components/communication/ManualCampaignCallModal.tsx,664,".update({ status: ""completed"", updated_at: new Date().toISOString() })"
src/components/communication/ManualCampaignCallModal.tsx,771,".update({ status: ""no_answer"", updated_at: new Date().toISOString() })"
src/components/communication/TemplateSelector.tsx,56,.update({
src/components/communication/UnifiedCallActions.tsx,167,".update({ status, completed_at: new Date().toISOString() })"
src/components/communication/UnifiedCallActions.tsx,243,.insert({
src/components/communication/UnifiedCallActions.tsx,269,await (supabase as any).from('call_dispositions').insert({
src/components/crm/AdvancedContactModal.tsx,426,.insert(storeLinks);
src/components/crm/PersonalNotesEditor.tsx,108,.insert({
src/components/delivery/FeedbackReasonModal.tsx,62,await (supabase.from('ai_dispatch_feedback_reasons') as any).insert([{
src/components/delivery/checklist/ContactUpdateSection.tsx,115,.update({
src/components/delivery/checklist/ContactUpdateSection.tsx,132,.update({ relationship_type_custom: value })
src/components/delivery/checklist/GrowthCaptureSection.tsx,116,.insert({
src/components/delivery/checklist/InventoryCheckSection.tsx,169,.insert({
src/components/delivery/checklist/InventoryTubeIntelligenceSection.tsx,72,".upsert(seedRows, { onConflict: 'store_id,person_type,product_name,visit_date' });"
src/components/delivery/checklist/StickerVisibilitySection.tsx,67,await (supabase as any).from('checklist_sticker_visibility').insert(seedRows);
src/components/delivery/checklist/TubeIntelligenceSection.tsx,64,".upsert(seedRows, { onConflict: 'store_id,person_type,product_name,visit_date' });"
src/components/dialer/BatchDialerPanel.tsx,161,"await supabase.from(""solar_call_batches"").update({ status: ""running"", started_at: new Date().toISOString() }).eq(""id"", b"
src/components/dialer/BatchDialerPanel.tsx,203,"await supabase.from(""solar_call_batches"").update({ max_concurrent: value, updated_at: new Date().toISOString() }).eq(""id"
src/components/dynasty-direct/SocialProofAdmin.tsx,107,"await (supabase as any).from(""dd_social_proof"").update({ display_order: swap.display_order }).eq(""id"", a.id);"
src/components/dynasty-direct/SocialProofAdmin.tsx,108,"await (supabase as any).from(""dd_social_proof"").update({ display_order: a.display_order }).eq(""id"", swap.id);"
src/components/dynasty-direct/StoreReferralCard.tsx,68,"await supabase.from(""dd_store_referrals"").insert({"
src/components/dynasty-direct/StoreSubscriptionsTab.tsx,64,"await (supabase as any).from(""dd_subscriptions"").update({ next_order_date: new Date().toISOString().slice(0, 10) }).eq("""
src/components/dynasty-direct/StoreSubscriptionsTab.tsx,160,"await (supabase as any).from(""dd_subscriptions"").update({ items }).eq(""id"", editing.id);"
src/components/floor8/AssignedStoreActions.tsx,86,.update({ last_visit_at: new Date().toISOString() })
src/components/floor8/AssignedStoreActions.tsx,96,.insert({
src/components/floor8/AssignedStoreActions.tsx,111,.insert({
src/components/floor8/AssignedStoreActions.tsx,127,.update({
src/components/floor8/AssignedStoreActions.tsx,136,.update({ active: false })
src/components/funding-machine/CreditReportUploadModal.tsx,64,"await supabase.from(""funding_credit_items"").insert({"
src/components/funding-machine/CreditReportUploadModal.tsx,79,"await supabase.from(""funding_credit_items"").insert({"
src/components/funding-machine/CreditReportUploadModal.tsx,93,"await supabase.from(""funding_dfs_scores"").update({ [scoreField]: parsedData.bureau_score }).eq(""id"", latestScore.id);"
src/components/grabba/VoiceNotesCard.tsx,106,".update({ status: ""transcribing"" })"
src/components/map/LiveLocationMap.tsx,70,await supabase.from('location_events').insert({
src/components/notes/CleanNoteButton.tsx,58,.update({
src/components/notes/CleanNoteButton.tsx,68,await (supabase as any).from('note_cleaning_log').insert({
src/components/outbound/StyleProfilesPanel.tsx,165,await supabase.from('style_technique_attribution').insert({
src/components/outbound/StyleProfilesPanel.tsx,175,await supabase.from('style_promotion_requests').insert({
src/components/outbound/StyleProfilesPanel.tsx,214,.update({
src/components/outbound/StyleProfilesPanel.tsx,225,.update({
src/components/portal/PortalAuthGuard.tsx,53,supabase.from('portal_audit_log').insert([{
src/components/portal/PortalAuthGuard.tsx,61,supabase.from('location_events').insert({
src/components/portal/field/AssignedOrdersPage.tsx,261,await supabase.from('internal_notifications').insert({
src/components/portal/field/MakeDeliveryPage.tsx,138,.update({ status: 'arrived' })
src/components/portal/field/MakeDeliveryPage.tsx,169,.update({
src/components/portal/field/MakeDeliveryPage.tsx,179,.insert({
src/components/portal/field/MakeDeliveryPage.tsx,211,.update({
src/components/portal/field/MakeDeliveryPage.tsx,220,.insert({
src/components/portal/field/StoreVisitEngine.tsx,579,.insert(lineItems);
src/components/production/CostBreakdownPanel.tsx,271,.update({
src/components/production/CostBreakdownPanel.tsx,754,.update({
src/components/production/DailyBatchEntry.tsx,141,.insert({
src/components/revenue/StoreProductPredictionsPanel.tsx,22,await supabase.from('follow_up_queue').insert({
src/components/sbo/ChingWorldPicksSMS.tsx,233,"mutationFn: async (id: string) => { await (supabase as any).from(""sbo_sms_recipients"").delete().eq(""id"", id); },"
src/components/sbo/ChingWorldPicksSMS.tsx,239,"await (supabase as any).from(""sbo_sms_recipients"").update({ active: !active }).eq(""id"", id);"
src/components/sbo/ChingWorldPicksSMS.tsx,246,"await (supabase as any).from(""sbo_sms_recipients"").update({ auto_send: !autoSend }).eq(""id"", id);"
src/components/sbo/ParlayResultsSection.tsx,174,"await (supabase as any).from(table).update({ result }).eq('id', parlayId);"
src/components/sbo/PrizePicksAnalyzer.tsx,455,"await (supabase as any).from('sbo_player_props').delete().eq('source', 'prizepicks').eq('game_date', todayEST);"
src/components/scheduling/SendToRouteModal.tsx,290,.update({
src/components/scheduling/SendToRouteModal.tsx,312,.update({
src/components/security/PortalGuard.tsx,47,await supabase.from('security_audit_log').insert({
src/components/store/AddContactModal.tsx,75,.update({ is_primary: false })
src/components/store/ConnectStoresModal.tsx,139,.update({ connected_group_id: groupId })
src/components/store/ConnectStoresModal.tsx,168,.update({ connected_group_id: null })
src/components/store/ConnectStoresModal.tsx,215,.update({ connected_group_id: pendingGroupId })
src/components/store/ConnectStoresModal.tsx,224,.update({ connected_group_id: effectiveGroupId })
src/components/store/ConnectStoresModal.tsx,253,".upsert(rows as any, { onConflict: 'store_id,brand_id' });"
src/components/store/ConnectedStoresCard.tsx,165,.update({ connected_group_id: null })
src/components/store/ContactCommunicationTimeline.tsx,239,"await supabase.from(""communication_logs"").insert({"
src/components/store/EditableTubeInventoryCard.tsx,141,.update({
src/components/store/EditableTubeInventoryCard.tsx,152,.insert({
src/components/store/OrderHistoryCard.tsx,150,.update({
src/components/store/SellsFlowersToggle.tsx,92,.update({
src/components/store/StoreCardQuickView.tsx,157,.update({ updated_at: new Date().toISOString() } as any)
src/components/store/StoreCardQuickView.tsx,187,.update({ updated_at: nowIso } as any)
src/components/store/StoreCardQuickView.tsx,274,".update({ updated_at: nowIso, updated_by: user?.id ?? null } as any)"
src/components/store/StoreCardQuickView.tsx,783,".update({ updated_at: nowIso, updated_by: user?.id ?? null } as any)"
src/components/store/StoreCardQuickView.tsx,1039,".update({ updated_at: nowIso, updated_by: user?.id ?? null } as any)"
src/components/store/StoreContactActions.tsx,126,await supabase.from('account_notes' as any).insert({
src/components/store/StoreFollowUpsPanel.tsx,135,.update({ updated_at: new Date().toISOString() } as any)
src/components/store/StoreFollowUpsPanel.tsx,164,.update({ updated_at: nowIso } as any)
src/components/store/StoreQuickNotes.tsx,107,".update({ updated_at: nowIso, updated_by: user?.id ?? null } as any)"
src/components/store/UnifiedTubeIntelligenceCard.tsx,307,await supabase.from('store_tube_inventory').update({
src/components/store/UnifiedTubeIntelligenceCard.tsx,315,await supabase.from('store_tube_inventory').insert({
src/components/store/UpdateInventoryModal.tsx,110,await supabase.from('inventory_events').insert({
src/components/va/VACallPanel.tsx,168,".update({ call_status: 'completed', duration_seconds: seconds })"
src/components/va/VAInCallModal.tsx,80,"await (supabase as any).from('va_call_logs').update({ va_notes: notes }).eq('id', callLogId);"
src/components/va/VAPowerDialer.tsx,284,".update({ status: 'skipped', completed_at: new Date().toISOString() })"
src/components/va/VAPowerDialer.tsx,312,".update({ status: 'skipped', completed_at: new Date().toISOString() })"
src/components/va/VAPowerDialer.tsx,321,".update({ status: 'skipped', completed_at: new Date().toISOString() })"
src/components/va/VAPowerDialer.tsx,344,".update({ status: 'skipped', completed_at: new Date().toISOString() })"
src/components/va/VAPowerDialer.tsx,353,.update({
src/components/va/VAPowerDialer.tsx,465,await (supabase as any).from('va_call_logs').insert({
src/components/va/VAPowerDialer.tsx,480,".update({ status: 'completed', completed_at: new Date().toISOString() })"
src/components/va/VAPowerDialer.tsx,487,.update({ do_not_call: true })
src/components/va/VAPowerDialer.tsx,512,".update({ status: 'skipped', completed_at: new Date().toISOString() })"
src/components/wholesaler-console/BulkUploadModule.tsx,272,await supabase.from('products_all').insert({
src/contexts/SimulationModeContext.tsx,245,await supabase.from('simulation_mode_audit').insert({
src/contexts/VASessionContext.tsx,57,.insert({
src/contexts/VASessionContext.tsx,88,".update({ is_active: false, ended_at: new Date().toISOString() })"
src/contexts/VASessionContext.tsx,99,.insert({
src/contexts/VASessionContext.tsx,114,.update({ twilio_number_id: numberId })
src/contexts/VASessionContext.tsx,144,".update({ is_active: false, ended_at: new Date().toISOString() })"
src/contexts/VASessionContext.tsx,158,.update({ last_seen_at: new Date().toISOString() })
src/contexts/ViewAsContext.tsx,80,await supabase.from('admin_impersonation_log').insert({
src/contexts/ViewAsContext.tsx,98,.update({ ended_at: new Date().toISOString() })
src/examples/automationIntegrationExample.ts,110,.insert(orderData)
src/hooks/useAIDispatchTelemetry.ts,71,await supabase.from('ai_dispatch_feedback').insert([payload]);
src/hooks/useAiCommandEngine.ts,441,await (supabase as any).from('route_stops').insert(stops);
src/hooks/useAiCommandEngine.ts,444,await (supabase as any).from('scheduled_tasks').insert({
src/hooks/useAmbassadorComms.ts,492,".update({ usage_count: (tpl.usage_count || 0) + 1, last_used_at: new Date().toISOString() })"
src/hooks/useAmbassadorLeads.ts,330,.update({
src/hooks/useAmbassadorLeads.ts,399,.update({
src/hooks/useAmbassadorLeads.ts,452,.update({
src/hooks/useAmbassadorLeads.ts,524,.update({
src/hooks/useAmbassadorTerritory.ts,71,await supabase.from('ambassador_region_history').insert({
src/hooks/useAmbassadorTerritory.ts,121,await supabase.from('ambassador_region_history').insert({
src/hooks/useAuditLog.ts,32,"await supabase.from(""audit_logs"").insert([{"
src/hooks/useAutoAnalytics.ts,113,.update({
src/hooks/useAutonomousOps.ts,219,let query = supabase.from('ai_ops_log').delete();
src/hooks/useAutonomyEngine.ts,255,.update({ status: 'executed' })
src/hooks/useAutonomyEngine.ts,310,.update({ status: 'rolled_back' })
src/hooks/useAutonomyGuardrails.ts,135,.update({
src/hooks/useAutonomyGuardrails.ts,243,.insert({
src/hooks/useBatchCostHistory.ts,220,await supabase.from('profit_per_lb_snapshots' as any).insert({
src/hooks/useBikerIssues.ts,244,await supabase.from('internal_notifications').insert({
src/hooks/useBrandCRMV3.ts,277,"await supabase.from(""brand_tasks"").insert({"
src/hooks/useBrandaroClosePipeline.ts,39,"await (supabase as any).from(""brandaro_followup_sequences"").insert({"
src/hooks/useBrandaroCloserRecovery.ts,35,"await (supabase as any).from(""brandaro_payment_recovery"").insert({"
src/hooks/useBrandaroCloserRecovery.ts,49,".update({ recovery_attempts: 1, last_recovery_at: new Date().toISOString() })"
src/hooks/useBrandaroCloserRecovery.ts,108,.update({ seen: true })
src/hooks/useBrandaroCloserRecovery.ts,146,"await (supabase as any).from(""brandaro_human_handoff_queue"").insert({"
src/hooks/useBrandaroCloserRecovery.ts,157,"await (supabase as any).from(""brandaro_closer_alerts"").insert({"
src/hooks/useBrandaroLearning.ts,104,".update({ frequency: newFreq, success_rate: newRate, updated_at: new Date().toISOString() })"
src/hooks/useBrandaroLearning.ts,109,.insert({
src/hooks/useBrandaroVAPerformance.ts,42,"await supabase.from(""brandaro_va_daily_performance"" as any).insert({"
src/hooks/useBrandaroVAPerformance.ts,336,.update(update)
src/hooks/useBulkMessageSend.ts,66,"await supabase.from(""message_send_queue_items"" as any).insert(items);"
src/hooks/useBulkMessageSend.ts,89,.update({
src/hooks/useBulkMessageSend.ts,101,.update({
src/hooks/useBulkMessageSend.ts,113,.update({
src/hooks/useBulkMessageSend.ts,128,.update({
src/hooks/useBulkOutreach.ts,220,await supabase.from('ambassador_bulk_job_items' as any).insert(items);
src/hooks/useBulkUpload.ts,563,.update({
src/hooks/useBulkUpload.ts,790,"await supabase.from(""store_master"").update(smUpdate).eq(""id"", existingSM.id);"
src/hooks/useBulkUpload.ts,792,"await supabase.from(""store_master"").insert(storeMasterData);"
src/hooks/useBulkUpload.ts,800,"await supabase.from(""store_master"").insert(storeMasterData);"
src/hooks/useBulkUpload.ts,907,".upsert({ name: tag, slug, status: ""active"" }, { onConflict: ""name"" })"
src/hooks/useBulkUpload.ts,912,"await supabase.from(""tag_attachments"").upsert("
src/hooks/useBulkUpload.ts,952,"await supabase.from(""store_notes"").insert(noteInserts);"
src/hooks/useBulkUpload.ts,996,"await supabase.from(""store_tube_inventory_status"").upsert("
src/hooks/useBulkUpload.ts,1053,"await supabase.from(""invoices"").insert({"
src/hooks/useBulkUpload.ts,1079,"await supabase.from(""store_master"").update({"
src/hooks/useBulkUpload.ts,1136,"await supabase.from(""store_contacts"").insert({"
src/hooks/useBulkUpload.ts,1317,"await supabase.from(""store_notes"").insert({"
src/hooks/useCRMAccess.ts,236,.update({ status: 'expired' })
src/hooks/useCollectionAutomation.ts,272,.insert({
src/hooks/useCollectionAutomation.ts,466,.insert({
src/hooks/useCollections.ts,477,.update({ status: 'escalated' })
src/hooks/useCollections.ts,496,.insert({
src/hooks/useCollections.ts,550,.insert({
src/hooks/useCollections.ts,594,.insert({
src/hooks/useCollections.ts,632,.insert({
src/hooks/useCommunicationDrafts.ts,289,"await supabase.from(""communication_sent_log"").insert({"
src/hooks/useConfirmedWinners.ts,126,await supabase.from('confirmation_audit_log').insert({
src/hooks/useConfirmedWinners.ts,157,await supabase.from('confirmation_audit_log').insert({
src/hooks/useConfirmedWinners.ts,214,.update({
src/hooks/useConfirmedWinners.ts,222,await supabase.from('confirmation_audit_log').insert({
src/hooks/useDeliveryData.ts,153,"await supabase.from(""delivery_activity_log"").insert([{"
src/hooks/useDeliveryExecution.ts,254,.update({
src/hooks/useDispatchInterventions.ts,190,.insert({
src/hooks/useDispatchInterventions.ts,229,.insert({
src/hooks/useDispatchInterventions.ts,259,.insert({
src/hooks/useDispatchInterventions.ts,308,.insert({
src/hooks/useDispatchInterventions.ts,359,.insert({
src/hooks/useDispatchInterventions.ts,420,.insert({
src/hooks/useDispatchInterventions.ts,455,.insert({
src/hooks/useDynamicKPIs.ts,367,"supabase.from(""kpi_categories"").update({ sort_order: index }).eq(""id"", id)"
src/hooks/useDynamicKPIs.ts,375,"supabase.from(""kpi_definitions"").update({ sort_order: index }).eq(""id"", id)"
src/hooks/useDynamicKPIs.ts,382,"await supabase.from(""kpi_categories"").update({ is_archived: true }).eq(""id"", id);"
src/hooks/useDynamicKPIs.ts,387,"await supabase.from(""kpi_categories"").update({ is_archived: false }).eq(""id"", id);"
src/hooks/useDynamicKPIs.ts,392,"await supabase.from(""kpi_definitions"").update({ is_archived: true }).eq(""id"", id);"
src/hooks/useDynamicKPIs.ts,397,"await supabase.from(""kpi_definitions"").update({ is_archived: false }).eq(""id"", id);"
src/hooks/useDynamicKPIs.ts,402,"await supabase.from(""kpi_definitions"").update({ is_active: isActive }).eq(""id"", id);"
src/hooks/useEntityAudit.ts,23,await supabase.from('entity_audit_log').insert({
src/hooks/useEntityAudit.ts,62,await supabase.from('entity_audit_log').insert(
src/hooks/useEquipmentAssignments.ts,76,.update({ unassigned_at: new Date().toISOString() })
src/hooks/useEventSpaces.ts,116,"await supabase.from('event_space_features').delete().eq('event_space_id', spaceId);"
src/hooks/useExecutionRun.ts,169,"await (supabase as any).from('follow_up_execution_runs').update({ status: 'paused' }).eq('id', activeRunId);"
src/hooks/useExecutionRun.ts,176,"await (supabase as any).from('follow_up_execution_runs').update({ status: 'running' }).eq('id', activeRunId);"
src/hooks/useExecutionRun.ts,183,"await (supabase as any).from('follow_up_execution_runs').update({ status: 'cancelled' }).eq('id', activeRunId);"
src/hooks/useExecutionRun.ts,193,.update({ status: 'failed' })
src/hooks/useFieldOutcomeCapture.ts,67,"await supabase.from(""store_notes"").insert({"
src/hooks/useFieldOutcomeCapture.ts,77,.update({
src/hooks/useFieldSubmissions.ts,381,await supabase.from('notifications').insert({
src/hooks/useFieldSubmissions.ts,438,await supabase.from('notifications').insert({
src/hooks/useFollowUpEngine.ts,191,.update({ status: 'resolved' })
src/hooks/useGovernedAction.ts,231,*     await supabase.from('orders').insert({ ... });
src/hooks/useInventoryState.ts,191,await supabase.from('batch_state_history').insert({
src/hooks/useInventoryState.ts,200,await supabase.from('production_history').insert({
src/hooks/useLearningEngine.ts,207,await (supabase as any).from('sbo_decision_weight_history').insert({
src/hooks/useLearningEngine.ts,252,await (supabase as any).from('sbo_decision_weight_history').insert({
src/hooks/useLearningEngine.ts,289,await (supabase as any).from('sbo_decision_weight_history').insert({
src/hooks/useLearningEngine.ts,376,await (supabase as any).from('sbo_decision_weight_history').insert({
src/hooks/useLiveCallSessions.ts,161,"await supabase.from(""ai_call_tone_events"").insert({"
src/hooks/useLiveCallSessions.ts,190,"await supabase.from(""ai_call_tone_events"").insert({"
src/hooks/useLiveMode.ts,148,"await supabase.from(""mode_transition_logs"").insert({"
src/hooks/useLiveMode.ts,196,"await supabase.from(""mode_transition_logs"").insert({"
src/hooks/useLiveMode.ts,252,"await supabase.from(""mode_transition_logs"").insert({"
src/hooks/useLiveModeGovernance.ts,261,.update({
src/hooks/useLiveModeGovernance.ts,280,"await supabase.from(""mode_transition_logs"").insert({"
src/hooks/useMarketplaceControlTower.ts,407,".update({ status: 'held', hold_reason: params.reason })"
src/hooks/useMarketplaceControlTower.ts,411,".update({ status: 'approved', hold_reason: null })"
src/hooks/useMarketplaceControlTower.ts,416,.update({ is_frozen: true } as any)
src/hooks/useMarketplaceControlTower.ts,420,.update({ is_frozen: false } as any)
src/hooks/useMarketplaceControlTower.ts,424,.update({ status: 'reversed' })
src/hooks/useMarketplaceControlTower.ts,433,await supabase.from('vendor_liabilities').insert({
src/hooks/useMarketplaceControlTower.ts,443,".update({ value: { active: true }, updated_by: user.id } as any)"
src/hooks/useMarketplaceControlTower.ts,447,".update({ value: { active: false }, updated_by: user.id } as any)"
src/hooks/useMarketplacePayouts.ts,105,await supabase.from('marketplace_payout_events').insert([{
src/hooks/useMaterialAllocations.ts,233,await supabase.from('raw_allocation_overrides' as any).insert({
src/hooks/useMissionControl.ts,121,await supabase.from('owner_mission_activity').insert({
src/hooks/useMissionControl.ts,163,await supabase.from('owner_mission_activity').insert({
src/hooks/useOutreachWiring.ts,13,await (supabase.from('ai_work_tasks') as any).insert({
src/hooks/useOutreachWiring.ts,23,await (supabase.from('ai_instinct_log') as any).insert({
src/hooks/useOutreachWiring.ts,32,await (supabase.from('ai_drift_alerts') as any).insert({
src/hooks/useOutreachWiring.ts,40,await (supabase.from('ai_instinct_log') as any).insert({
src/hooks/useOutreachWiring.ts,49,await (supabase.from('ai_instinct_log') as any).insert({
src/hooks/usePaymentPromises.ts,195,.insert({
src/hooks/usePaymentPromises.ts,243,.insert({
src/hooks/usePaymentPromises.ts,293,.insert({
src/hooks/usePaymentPromises.ts,307,.update({
src/hooks/usePaymentPromises.ts,407,await supabase.from('collection_actions').insert(actions);
src/hooks/usePlaybookEngine.ts,397,.insert({
src/hooks/usePortalAudit.ts,36,await supabase.from('portal_audit_log').insert([{
src/hooks/usePortalDevice.ts,121,await supabase.from('portal_security_events').insert({
src/hooks/usePortalSecurityAdmin.ts,176,await supabase.from('portal_security_events').insert({
src/hooks/usePredictionSnapshots.ts,98,.insert({
src/hooks/usePredictionSnapshots.ts,229,.update({
src/hooks/usePredictionSnapshots.ts,257,.update({ success: snapshot.predicted_winner === actualWinner })
src/hooks/useProductionPortal.ts,931,.update({
src/hooks/useProductionPortal.ts,996,.update({ is_locked: false })
src/hooks/useProductionRBAC.ts,101,.insert({
src/hooks/useRouteSuggestions.ts,153,await supabase.from('route_suggestion_stops').insert(stops);
src/hooks/useRouteSuggestions.ts,154,"await supabase.from('route_suggestions').update({ stops_count: stops.length }).eq('id', suggestion.id);"
src/hooks/useRouteSuggestions.ts,177,"await supabase.from('route_suggestions').update({ status: 'applied', suggested_for_biker_id: bikerId }).eq('id', suggest"
src/hooks/useScheduler.ts,107,"await (supabase.from('scheduled_tasks' as any).update(updateData).eq('id', taskId) as any);"
src/hooks/useScheduler.ts,119,"await (supabase.from('scheduled_tasks' as any).update({ run_at: newRunAt.toISOString(), status: 'pending', updated_at: n"
src/hooks/useSellThroughAnalyticsEvents.ts,53,await (supabase as any).from('sell_through_analytics_events').insert({
src/hooks/useShadowMode.ts,429,.insert({
src/hooks/useTerritoryStats.ts,113,await supabase.from('territory_stats_daily').upsert(record);
src/hooks/useTranslation.ts,58,".update({ preferred_language: newLang, updated_at: new Date().toISOString() })"
src/hooks/useTranslation.ts,63,.update({ preferred_language: newLang })
src/hooks/useUTAIDialer.ts,68,await (supabase.from('ut_outreach_logs') as any).insert({
src/hooks/useUTAIDialer.ts,76,await (supabase.from('ut_partner_leads') as any).update({
src/hooks/useUTPartnerLeads.ts,320,await (supabase.from('ut_outreach_logs') as any).insert({
src/hooks/useUTPartnerLeads.ts,327,await (supabase.from('ut_outreach_logs') as any).insert({
src/hooks/useUTPartnerLeads.ts,332,await (supabase.from('ut_partner_leads') as any).update({
src/hooks/useUTPartnerLeads.ts,385,await (supabase.from('ut_outreach_logs') as any).insert({
src/hooks/useUTPartnerLeads.ts,392,"await (supabase.from('ut_partner_onboarding') as any).update({ status: 'sent', sent_at: new Date().toISOString() }).eq('"
src/hooks/useUTPartnerLeads.ts,393,"await (supabase.from('ut_partner_leads') as any).update({ onboarding_link_sent_at: new Date().toISOString(), last_contac"
src/hooks/useUTPartnerLeads.ts,394,"await (supabase.from('ut_outreach_logs') as any).insert({ lead_id: input.lead.id, channel: 'sms', outcome: 'onboarding_l"
src/hooks/useVisitProducts.ts,221,.update({
src/hooks/useVisitProducts.ts,231,.insert({
src/hooks/useVoiceOrchestration.ts,171,.update({ is_multi_party: true })
src/hooks/useVoiceOrchestration.ts,207,".update({ role: ""listener"" })"
src/hooks/useVoiceOrchestration.ts,226,"await supabase.from(""active_speaker_log"").insert({"
src/hooks/useWholesalerIntelligence.ts,467,await supabase.from('entity_audit_log').insert(
src/hooks/useWorkerSubmissions.ts,240,.update({ resulting_output_id: output.id })
src/hooks/useWorkerTaskTimer.ts,244,await supabase.from('labor_anomaly_events' as any).insert({
src/hooks/useWorkerTaskTimer.ts,287,await supabase.from('labor_anomaly_events' as any).insert({
src/lib/dpClient.ts,85,.insert({
src/lib/phase5Engine.ts,96,await supabase.from('phase5_audit_log').insert({
src/lib/phase5Engine.ts,358,await supabase.from('phase5_audit_log').insert([{
src/lib/inventory/applyInventoryMovement.ts,150,await supabase.from('inventory_audit_log').insert({
src/lib/inventory/calculateInventoryInsights.ts,271,let deleteForecasts = supabase.from('inventory_forecasts').delete();
src/lib/inventory/calculateInventoryInsights.ts,272,let deleteFlags = supabase.from('inventory_risk_flags').delete();
src/lib/inventory/calculateReorderSuggestions.ts,198,await supabase.from('purchase_order_items').insert(lineItems);
src/lib/shipping/printLabel.ts,30,await (supabase as any).from('audit_logs').insert({
src/pages/BatchImport.tsx,206,await supabase.from('data_import_mapping').insert(
src/pages/CRMDataExport.tsx,162,.update({
src/pages/CRMDataImport.tsx,182,.update({
src/pages/ExecutiveReports.tsx,100,.update({ is_read: true })
src/pages/HR.tsx,167,.update({ read: true })
src/pages/HRApplicantDetail.tsx,118,"await supabase.from(""hr_onboarding_tasks"").insert({"
src/pages/HRApplicants.tsx,89,"await supabase.from(""hr_applicants"").update({ status: ""approved"" }).eq(""id"", applicantId);"
src/pages/HRApplicants.tsx,93,"await supabase.from(""hr_applicants"").update({ status: ""rejected"" }).eq(""id"", applicantId);"
src/pages/Payroll.tsx,57,"return supabase.from(""driver_payouts"").insert({"
src/pages/admin/DynastyDirectOps.tsx,88,"await supabase.from(""wholesalers"").update({"
src/pages/admin/DynastyDirectOps.tsx,95,"await supabase.from(""wholesalers"").update({"
src/pages/admin/HistoricalImportReview.tsx,63,"await supabase.from(TABLES[kind] as any).update(update).eq('id', row.stage_id);"
src/pages/admin/SmsSystemTests.tsx,54,"await supabase.from(""sms_test_logs"").insert({"
src/pages/auth/StoreSignupPage.tsx,59,".update({ used_at: new Date().toISOString(), used_by: data.user?.id ?? null })"
src/pages/bland-dial/BlandDialHubPage.tsx,317,".update({ raw_payload: { ...(activeLog?.raw_payload ?? {}), operator_note: statusNote.trim(), operator_status: newStatus"
src/pages/brandaro/BuildPipelinePage.tsx,91,"await (supabase as any).from(""brandaro_build_jobs"").update({"
src/pages/brandaro/CallingOpsPage.tsx,272,"await (supabase as any).from(""brandaro_call_queue"").update({ updated_at: new Date().toISOString() }).eq(""id"", item.id);"
src/pages/brandaro/ClientDemoViewPage.tsx,68,"(supabase as any).from(""brandaro_urgency"").upsert({"
src/pages/brandaro/ClientDemoViewPage.tsx,90,".update({ views_count: (data.views_count || 0) + 1, last_viewed_at: new Date().toISOString() })"
src/pages/brandaro/ClientDemoViewPage.tsx,96,".update({ stage: ""demo_viewed"", demo_viewed_at: new Date().toISOString() })"
src/pages/brandaro/ClientDemoViewPage.tsx,123,.update({
src/pages/brandaro/DemoEnginePage.tsx,136,.update({ demo_status: 'generating' })
src/pages/brandaro/DemoEnginePage.tsx,208,await (supabase as any).from('brandaro_followups').insert({
src/pages/brandaro/DemoEnginePage.tsx,224,.update({ demo_status: 'sent' })
src/pages/brandaro/FollowUpEnginePage.tsx,83,".update({ status: 'sent', sent_at: new Date().toISOString() })"
src/pages/brandaro/FollowUpEnginePage.tsx,96,"await (supabase as any).from('brandaro_followups').update({ status: 'cancelled' }).eq('id', id);"
src/pages/brandaro/LeadDatabasePage.tsx,446,"await supabase.from(""brandaro_qualified_leads"").update({ ai_paused: paused } as any).eq(""id"", lead.id);"
src/pages/brandaro/LeadDiscoveryPage.tsx,993,"await supabase.from(""brandaro_search_queue"" as any).update({ status: ""running"", started_at: new Date().toISOString() } a"
src/pages/brandaro/LeadDiscoveryPage.tsx,1038,"await supabase.from(""brandaro_search_queue"" as any).update({"
src/pages/brandaro/LeadDiscoveryPage.tsx,1050,"await supabase.from(""brandaro_search_queue"" as any).update({"
src/pages/brandaro/LeadDiscoveryPage.tsx,1055,"await supabase.from(""brandaro_search_queue"" as any).update({"
src/pages/brandaro/LeadDiscoveryPage.tsx,1079,"await supabase.from(""brandaro_search_queue"" as any).delete().in(""status"", [""completed"", ""failed"", ""skipped""]);"
src/pages/brandaro/LeadDiscoveryPage.tsx,1085,"await supabase.from(""brandaro_search_queue"" as any).update({ status: ""queued"", error_message: null, started_at: null, co"
src/pages/brandaro/PhoneNumbersPage.tsx,98,"await (supabase as any).from('brandaro_phone_numbers').update({ is_default: false }).eq('brand', brand);"
src/pages/brandaro/PhoneNumbersPage.tsx,99,"await (supabase as any).from('brandaro_phone_numbers').update({ is_default: true }).eq('id', id);"
src/pages/brandaro/PhoneNumbersPage.tsx,105,"await (supabase as any).from('brandaro_phone_numbers').update({ is_active: !current }).eq('id', id);"
src/pages/brandaro/PhoneNumbersPage.tsx,112,"await (supabase as any).from('brandaro_phone_numbers').delete().eq('id', id);"
src/pages/brandaro/PhoneNumbersPage.tsx,157,"await (supabase as any).from('brandaro_phone_numbers').update({ is_default: false }).eq('brand', form.brand);"
src/pages/brandaro/ProductionPipelinePage.tsx,56,"await (supabase as any).from('brandaro_projects').update(update).eq('id', project.id);"
src/pages/brandaro/ProductionPipelinePage.tsx,60,await (supabase as any).from('brandaro_subscriptions').insert({
src/pages/brandaro/ProductionPipelinePage.tsx,70,await (supabase as any).from('brandaro_clients').update({
src/pages/brandaro/ProposalBuilderPage.tsx,110,".update({ status: 'sent', sent_at: new Date().toISOString() })"
src/pages/brandaro/ProposalBuilderPage.tsx,114,.update({ lead_status: 'proposal_sent' })
src/pages/brandaro/PublicProposalPage.tsx,85,.update({
src/pages/brandaro/ReviewQueuePage.tsx,61,await supabase.from('brandaro_review_queue').update({
src/pages/brandaro/ReviewQueuePage.tsx,70,await supabase.from('brandaro_build_jobs').update({
src/pages/brandaro/ReviewQueuePage.tsx,84,await supabase.from('brandaro_review_queue').update({
src/pages/brandaro/ReviewQueuePage.tsx,98,await supabase.from('brandaro_review_queue').update({
src/pages/brandaro/ScoutAgentPage.tsx,198,"await supabase.from(""brandaro_scout_config"" as any).update({ is_active: !config.is_active } as any).eq(""id"", config.id);"
src/pages/brandaro/ScoutAgentPage.tsx,229,"await supabase.from(""brandaro_scout_config"" as any).update({ mode, searches_per_run: mc.searches, min_hours_between_runs"
src/pages/brandaro/ScoutAgentPage.tsx,239,"await supabase.from(""brandaro_scout_config"" as any).update(updates).eq(""id"", config.id);"
src/pages/brandaro/ScoutAgentPage.tsx,249,"await supabase.from(""brandaro_scout_config"" as any).update({ target_industries: updated } as any).eq(""id"", config.id);"
src/pages/brandaro/ScoutAgentPage.tsx,257,"await supabase.from(""brandaro_scout_config"" as any).update({ target_states: updated } as any).eq(""id"", config.id);"
src/pages/brandaro/ScoutAgentPage.tsx,263,"await supabase.from(""brandaro_scout_config"" as any).update({ target_states: ALL_STATE_CODES } as any).eq(""id"", config.id"
src/pages/brandaro/ScoutAgentPage.tsx,270,"await supabase.from(""brandaro_scout_config"" as any).update({ target_industries: ALL_INDUSTRIES } as any).eq(""id"", config"
src/pages/brandaro/ScoutAgentPage.tsx,422,"await supabase.from(""brandaro_scout_config"" as any).update({ target_industries: [] } as any).eq(""id"", config.id);"
src/pages/brandaro/SpanishManagerDashboard.tsx,105,"await (supabase as any).from(""brandaro_lead_assignments"").insert({"
src/pages/brandaro/SpanishManagerDashboard.tsx,125,".update({ assigned_va_id: vaId, assigned_manager_id: currentUser?.id })"
src/pages/brandaro/VACommandCenterPage.tsx,198,".update({ outcome: overrideOutcome, ai_notes: `VA Override: ${vaNote}` })"
src/pages/brandaro/VACommandCenterPage.tsx,207,"await (supabase as any).from(""brandaro_followup_sequences"").insert({"
src/pages/brandaro/VACommandCenterPage.tsx,226,.update({ resolved: true })
src/pages/brandaro/VACommandCenterPage.tsx,235,".update({ flagged: false, reviewed_at: new Date().toISOString(), reviewed_by: user?.id })"
src/pages/brandaro/VACommandCenterPage.tsx,247,"await (supabase as any).from(""brandaro_close_pipeline"").update(updates).eq(""id"", dealId);"
src/pages/brandaro/VAWorkspacePage.tsx,156,"await (supabase as any).from(""brandaro_objection_handlers"").update({"
src/pages/brandaro/VAWorkspacePage.tsx,201,"await supabase.from(""brandaro_qualified_leads"").update(leadUpdate).eq(""id"", currentLeadId);"
src/pages/brandaro/VAWorkspacePage.tsx,205,"await supabase.from(""brandaro_call_queue"").update({ is_active: false }).eq(""lead_id"", currentLeadId);"
src/pages/brandaro/VAWorkspacePage.tsx,207,"await supabase.from(""brandaro_call_queue"").update({"
src/pages/brandaro/VAWorkspacePage.tsx,214,"await supabase.from(""brandaro_callbacks"").insert({"
src/pages/communication/BusinessPhoneNumbers.tsx,179,.update({ is_default: false })
src/pages/communication/call-intelligence/UnresolvedCallsQueuePage.tsx,135,"await supabase.from(""voicemails"").update({"
src/pages/communication/call-intelligence/UnresolvedCallsQueuePage.tsx,140,"await supabase.from(""call_outcomes"").update({"
src/pages/communication/call-intelligence/UnresolvedCallsQueuePage.tsx,149,.update({
src/pages/communication/call-intelligence/UnresolvedCallsQueuePage.tsx,169,"await supabase.from(""voicemails"").update({ status: ""escalated"" }).eq(""id"", id);"
src/pages/communication/call-intelligence/UnresolvedCallsQueuePage.tsx,171,"await supabase.from(""call_outcomes"").update({ resolution_status: ""escalated"" }).eq(""id"", id);"
src/pages/communication/call-intelligence/UnresolvedCallsQueuePage.tsx,174,"await supabase.from(""communication_escalations"").insert({"
src/pages/communication/dialer/AudienceBuilderPage.tsx,136,await supabase.from('outbound_call_queue').insert(batch as any);
src/pages/communication/dialer/CampaignBuilderPage.tsx,120,"await supabase.from(""outbound_call_queue"").insert(batch);"
src/pages/communication/dialer/CampaignBuilderPage.tsx,126,.update({
src/pages/communication/dialer/CampaignDialPage.tsx,353,"await supabase.from(""dialer_campaigns"").delete().eq(""id"", campaign.id);"
src/pages/communication/dialer/CampaignWizardPage.tsx,517,.update({
src/pages/communication/dialer/CampaignWizardPage.tsx,1089,".update({ archived_at: new Date().toISOString(), status: ""completed"" } as any)"
src/pages/communication/dialer/DialerConsolePage.tsx,215,await supabase.from('dialer_agent_availability').update({
src/pages/communication/dialer/DialerConsolePage.tsx,222,await supabase.from('dialer_agent_availability').insert({
src/pages/communication/dialer/DialerConsolePage.tsx,442,"await supabase.from('store_master').update({ do_not_call: true }).eq('id', session.store_id);"
src/pages/communication/dialer/DialerCostDashboard.tsx,202,await supabase.from('dialer_global_limits').update({
src/pages/communication/dialer/DialerPredictiveTargeting.tsx,139,"await supabase.from('dialer_settings').update({ [key]: value, updated_at: new Date().toISOString() } as any).eq('busines"
src/pages/communication/dialer/DialerStoresPage.tsx,97,"await supabase.from('outbound_call_queue').insert(items.slice(i, i + 50) as any);"
src/pages/communication/dialer/tabs/DialerStoresTab.tsx,84,"await supabase.from('outbound_call_queue').insert(items.slice(i, i + 50) as any);"
src/pages/communication/manual/ManualTextPage.tsx,405,await supabase.from('communication_logs').insert({
src/pages/communication/messaging/AICampaignTab.tsx,121,"await (supabase as any).from(""messaging_campaigns"").insert({"
src/pages/crm/ContactManagementPage.tsx,156,await (supabase as any).from('contact_profiles').update({
src/pages/crm/ContactManagementPage.tsx,182,await (supabase as any).from('contact_interactions').insert({
src/pages/crm/ContactManagementPage.tsx,185,await (supabase as any).from('contact_profiles').update({
src/pages/crm/ContactManagementPage.tsx,460,await (supabase as any).from('communication_drafts').update({
src/pages/crm/ContactManagementPage.tsx,467,await (supabase as any).from('contact_interactions').insert({
src/pages/crm/ContactManagementPage.tsx,470,await (supabase as any).from('contact_profiles').update({
src/pages/crm/ContactManagementPage.tsx,481,"await (supabase as any).from('communication_drafts').update({ status: 'rejected' }).eq('id', id);"
src/pages/crm/ContactManagementPage.tsx,726,"await (supabase as any).from('relationship_tasks').update({ status: 'completed', completed_at: new Date().toISOString() "
src/pages/developer/components/CustomerSitePanel.tsx,67,"await supabase.from('customer_change_requests').delete().eq('id', id);"
src/pages/developer/components/DevKillSwitch.tsx,51,await supabase.from('developer_audit_log').insert({
src/pages/developer/components/DevLeadEditor.tsx,31,await supabase.from('developer_audit_log').insert({
src/pages/developer/components/DevLeadTable.tsx,100,await supabase.from('developer_qa_tags').update({
src/pages/developer/components/DevLeadTable.tsx,104,await supabase.from('developer_qa_tags').insert({
src/pages/developer/components/DevLeadTable.tsx,109,await supabase.from('developer_audit_log').insert({
src/pages/developer/components/DevRowDrawer.tsx,70,await supabase.from('developer_qa_tags').update({
src/pages/developer/components/DevRowDrawer.tsx,74,await supabase.from('developer_qa_tags').insert({
src/pages/developer/components/DevRowDrawer.tsx,79,await supabase.from('developer_audit_log').insert({
src/pages/dynasty-connect/DCCallDispatch.tsx,117,.update({
src/pages/dynasty-connect/DCCallDispatch.tsx,136,".update({ status: 'pending', error_message: null, called_at: null, bland_call_id: null, updated_at: new Date().toISOStri"
src/pages/dynasty-connect/DCCallDispatch.tsx,342,.delete()
src/pages/dynasty-connect/DCCallDispatch.tsx,349,.delete()
src/pages/dynasty-connect/DCCallDispatch.tsx,353,.delete()
src/pages/dynasty-connect/DCCallDispatch.tsx,370,".update({ status: 'failed', error_message: 'Manually marked as failed', updated_at: new Date().toISOString() })"
src/pages/dynasty-connect/DCCallDispatch.tsx,379,".update({ status: 'pending', error_message: null, called_at: null, bland_call_id: null, updated_at: new Date().toISOStri"
src/pages/dynasty-connect/DCCallDispatch.tsx,389,.delete()
src/pages/dynasty-connect/DCCampaignBuilder.tsx,111,"await (supabase as any).from('dc_leads').insert(rows.slice(i, i + 100));"
src/pages/dynasty-connect/DCCampaignBuilder.tsx,142,".update({ campaign_id: campaign.id, status: 'queued', updated_at: new Date().toISOString() })"
src/pages/dynasty-direct/DDLocalDelivery.tsx,218,".update({ delivery_completed_at: nowIso, status: ""delivered"" })"
src/pages/dynasty-direct/DDPurchaseOrders.tsx,558,.update({
src/pages/dynasty-direct/DynastyDirectCatalogOnboard.tsx,110,.update({ selected_candidate_urls: next })
src/pages/dynasty-direct/DynastyDirectCatalogOnboard.tsx,159,"await supabase.from('dd_catalog_drafts').update({ candidates: ev.candidates }).eq('id', draft.id);"
src/pages/dynasty-direct/DynastyDirectCatalogOnboard.tsx,238,await supabase.from('dd_catalog_drafts').update({
src/pages/dynasty-direct/DynastyDirectCatalogOnboard.tsx,431,"if (draftId) await supabase.from('dd_catalog_drafts').update({ selected_candidate_urls: all }).eq('id', draftId);"
src/pages/dynasty-direct/DynastyDirectCatalogOnboard.tsx,435,"if (draftId) await supabase.from('dd_catalog_drafts').update({ selected_candidate_urls: [] }).eq('id', draftId);"
src/pages/floor9/Floor9AIAgents.tsx,63,"await supabase.from('floor_agents' as any).update({ enabled }).eq('id', agent.id);"
src/pages/floor9/Floor9AIAgents.tsx,68,"await supabase.from('floor_agents' as any).update({ daily_token_budget: budget }).eq('id', agent.id);"
src/pages/floor9/Floor9AIAgents.tsx,96,"await supabase.from('ai_backfill_jobs' as any).update({ status: next }).eq('id', job.id);"
src/pages/funding-machine/ApplicationsPage.tsx,84,"await supabase.from('funding_applications').update({ remediation_plan: data.remediation || data.raw || '' }).eq('id', ap"
src/pages/funding-machine/ClientIntakePage.tsx,95,await supabase.from('funding_dfs_scores').insert({
src/pages/funding-machine/ClientProfilePage.tsx,280,await (supabase.from('bureau_response_tracking' as any).update({
src/pages/funding-machine/ClientProfilePage.tsx,312,"await supabase.from('client_notes' as any).delete().eq('id', id);"
src/pages/funding-machine/ClientProfilePage.tsx,331,await (supabase.from('client_reminders' as any).update({
src/pages/funding-machine/ClientProfilePage.tsx,339,"await supabase.from('client_reminders' as any).delete().eq('id', id);"
src/pages/funding-machine/ClientProfilePage.tsx,509,"await supabase.from('funding_clients').update({ portal_invite_sent_at: new Date().toISOString() }).eq('id', clientId);"
src/pages/funding-machine/CreditRepairPage.tsx,195,const { data: mailLog } = await supabase.from('funding_mailing_log').insert({
src/pages/funding-machine/DeletionLetterEnginePage.tsx,124,"await supabase.from(""deletion_letter_recipients"").update({ letter_status: ""sent"", sent_at: new Date().toISOString() }).e"
src/pages/funding-machine/LenderImportPage.tsx,232,.update({
src/pages/funding-machine/TaskCardsPage.tsx,109,await supabase.from('funding_task_cards').update({ status: 'pending' })
src/pages/funding-machine/TaskCardsPage.tsx,138,await supabase.from('funding_task_cards').insert({
src/pages/funding-machine/TradelineVaultPage.tsx,192,"await supabase.from('funding_tradeline_vault_cards').update({ occupied_slots: (card.occupied_slots ?? 0) + 1 }).eq('id',"
src/pages/funding-machine/TradelineVaultPage.tsx,198,await supabase.from('funding_tradeline_vault_transactions').update({
src/pages/funding-machine/grants/GrantFunderCRMPage.tsx,441,"await supabase.from('grant_funders').update(updates).eq('id', funderId);"
src/pages/gasmask/DriverRoutePage.tsx,73,await (supabase as any).from('gasmask_visit_triggers').update({
src/pages/gasmask/DriverRoutePage.tsx,81,await (supabase as any).from('visit_action_checklists').update({
src/pages/gasmask/DriverRoutePage.tsx,95,".update({ status: 'completed', actual_departure: new Date().toISOString(), notes: notes || null })"
src/pages/gasmask/DriverRoutePage.tsx,360,await (supabase as any).from('gasmask_visit_triggers').update({
src/pages/gasmask/RouteEnginePage.tsx,272,"await (supabase as any).from('gasmask_visit_triggers').update({ status: 'completed', completed_at: new Date().toISOStrin"
src/pages/gasmask/RouteEnginePage.tsx,279,"await (supabase as any).from('gasmask_visit_triggers').update({ status: 'snoozed' }).eq('id', id);"
src/pages/gasmask/RouteEnginePage.tsx,286,"await (supabase as any).from('gasmask_visit_triggers').update({ status: 'cancelled' }).eq('id', id);"
src/pages/gasmask/RouteEnginePage.tsx,293,"await (supabase as any).from('gasmask_visit_triggers').update({ urgency: 'critical', priority_score: 10 }).eq('id', id);"
src/pages/gasmask/RouteEnginePage.tsx,304,"await (supabase as any).from('gasmask_visit_triggers').update({ status: 'completed', completed_at: new Date().toISOStrin"
src/pages/gasmask/RouteEnginePage.tsx,313,"await (supabase as any).from('gasmask_visit_triggers').update({ status: 'snoozed' }).eq('id', id);"
src/pages/grabba/ChangeControlCenter.tsx,155,await supabase.from('change_control_audit').insert({
src/pages/grabba/ChangeControlCenter.tsx,204,await supabase.from('change_control_audit').insert({
src/pages/grabba/UnifiedUploadCenter.tsx,91,await supabase.from('batch_upload_history').insert({
src/pages/os/betting/HedgeCenter.tsx,486,await (supabase as any).from('sbo_arbitrage').insert({
src/pages/os/betting/HedgeCenter.tsx,594,"await (supabase as any).from('sbo_user_books').insert({ book_name: name, account_balance: balance || 0 });"
src/pages/os/betting/HedgeCenter.tsx,605,"await (supabase as any).from('sbo_user_books').update({ is_active: false }).eq('id', id);"
src/pages/os/betting/SBOCapperTracker.tsx,466,"await (supabase as any).from('sbo_cappers').update({ is_active: !current }).eq('id', id);"
src/pages/os/betting/SBOCapperTracker.tsx,470,"await (supabase as any).from('sbo_cappers').delete().eq('id', id);"
src/pages/os/betting/SBOCapperTracker.tsx,1255,"await (supabase as any).from('sbo_capper_picks').update({ result }).eq('id', pickId);"
src/pages/os/betting/SBOCapperTracker.tsx,1263,"await (supabase as any).from('sbo_cappers').update({ total_picks: updated.length, win_rate: winRate, updated_at: new Dat"
src/pages/os/betting/SBOWalletTracker.tsx,206,"await (supabase as any).from('sbo_pm_tracked_wallets').update({ status: next }).eq('id', id);"
src/pages/os/betting/SBOWalletTracker.tsx,212,"await (supabase as any).from('sbo_pm_tracked_wallets').delete().eq('id', id);"
src/pages/os/dynasty-earn/AdminControlTab.tsx,39,"await supabase.from('dme_platform_config').update({ config_value: value } as any).eq('config_key', key);"
src/pages/os/dynasty-earn/AdminControlTab.tsx,45,"await supabase.from('dme_disputes').update({ status: 'resolved', resolution, resolved_at: new Date().toISOString() } as "
src/pages/os/dynasty-earn/BrandDealExchangeTab.tsx,153,"await supabase.from('dme_brands').update({ status: 'approved' } as any).eq('id', id);"
src/pages/os/dynasty-earn/BrandDealExchangeTab.tsx,290,"await supabase.from('dme_campaign_applications').update({ status: 'accepted' } as any).eq('id', app.id);"
src/pages/os/dynasty-earn/BrandDealExchangeTab.tsx,294,await supabase.from('dme_campaign_assignments').insert({
src/pages/os/dynasty-earn/BrandDealExchangeTab.tsx,305,"await supabase.from('dme_campaign_applications').update({ status: 'rejected' } as any).eq('id', id);"
src/pages/os/dynasty-sales/DynastySalesNetwork.tsx,344,await (supabase as any).from('dsn_commissions').insert({
src/pages/os/dynasty-sales/DynastySalesNetwork.tsx,352,await (supabase as any).from('dsn_affiliate_sales_bridge').insert({
src/pages/os/grants/ApplicationPackage.tsx,155,".update({ application_status: ""submitted"", submitted_at: now })"
src/pages/os/toptier/TTDispatchRequests.tsx,105,"await supabase.from('tt_bookings').update({ status: 'driver_assigned' }).eq('id', req.booking_id);"
src/pages/os/toptier/TTDispatchRequests.tsx,123,"await supabase.from('tt_bookings').update({ status: 'driver_assigned' }).eq('id', assignReq.booking_id);"
src/pages/os/toptier/penthouse/PenthouseBeautyProviders.tsx,73,.update({
src/pages/os/toptier/penthouse/PenthouseBeautyProviders.tsx,89,"await (supabase.from('beauty_providers') as any).update(updatePayload).eq('id', providerId);"
src/pages/os/toptier/penthouse/PenthouseBeautyProviders.tsx,92,await (supabase.from('admin_audit_log') as any).insert({
src/pages/os/toptier/penthouse/PenthouseExoticCarOps.tsx,482,"supabase.from('exotic_car_requests').update({ urgency_level: 'critical' }).eq('id', req.id).then(() => toast.success('Ma"
src/pages/os/toptier/penthouse/PenthouseExoticCarOps.tsx,614,"await supabase.from('exotic_car_request_tasks').update({ task_status: 'completed' }).eq('id', taskId);"
src/pages/os/toptier/penthouse/PenthouseNightlife.tsx,115,await supabase.from('nightlife_bookings').insert({
src/pages/os/uben/AmbassadorNetworkTab.tsx,793,await supabase.from('uben_activity_log').insert({
src/pages/os/unforgettable/UTAmbassadorFinder.tsx,132,"Promise.all(records.map(r => supabase.from('ut_ambassador_prospects').upsert(r, { onConflict: 'platform,username', ignor"
src/pages/os/unforgettable/UTAmbassadorManagement.tsx,247,"await supabase.from(TABLE).update({ payout_status: 'paid', last_payout_at: new Date().toISOString() }).eq('id', amb.id);"
src/pages/os/unforgettable/UTAmbassadorManagement.tsx,351,"await (supabase as any).from('ut_ambassador_insights').update({ dismissed_at: new Date().toISOString() }).eq('id', insig"
src/pages/os/unforgettable/UTAutoFinder.tsx,48,await supabase.from('ut_product_needs' as any).insert({
src/pages/os/unforgettable/UTAutoFinder.tsx,63,"await supabase.from('ut_product_needs' as any).delete().eq('id', id);"
src/pages/os/unforgettable/UTAutoOutreach.tsx,85,const { data: thread } = await (supabase.from('ut_supplier_threads' as any) as any).insert({
src/pages/os/unforgettable/UTBusinessPackages.tsx,58,"await supabase.from('ut_business_packages').update(payload).eq('id', editId);"
src/pages/os/unforgettable/UTBusinessPackages.tsx,61,await supabase.from('ut_business_packages').insert(payload);
src/pages/os/unforgettable/UTBusinessProducts.tsx,77,"await supabase.from('ut_products').update(payload).eq('id', editId);"
src/pages/os/unforgettable/UTBusinessProducts.tsx,80,await supabase.from('ut_products').insert(payload);
src/pages/os/unforgettable/UTBusinessQuotes.tsx,102,"await supabase.from('ut_business_quotes').update({ status }).eq('id', id);"
src/pages/os/unforgettable/UTBusinessQuotes.tsx,106,"await supabase.from('ut_business_requests').update({ status }).eq('id', quote.request_id);"
src/pages/os/unforgettable/UTBusinessRequests.tsx,146,"await supabase.from('ut_business_requests').update({ status: 'quoted' }).eq('id', quoteTarget.id);"
src/pages/os/unforgettable/UTBusinessRequests.tsx,159,"await supabase.from('ut_business_requests').update({ status }).eq('id', id);"
src/pages/os/unforgettable/UTHallOwnerDashboard.tsx,76,"await supabase.from('hall_inquiries').update({ status }).eq('id', id);"
src/pages/os/unforgettable/UTHallOwnerDashboard.tsx,84,"await supabase.from('hall_inquiries').update({ reply, replied_at: new Date().toISOString(), status: 'responded' }).eq('i"
src/pages/os/unforgettable/UTHallOwnerDashboard.tsx,97,"await supabase.from('hall_reviews').update({ reply, replied_at: new Date().toISOString() }).eq('id', id);"
src/pages/os/unforgettable/UTLeadIntelligence.tsx,134,"await supabase.from('ut_lead_sources').update({ is_connected: true, api_key_configured: true, status: 'connected' }).eq("
src/pages/os/unforgettable/UTPayoutManager.tsx,24,"await (supabase.from('ut_vendor_payments' as any).update({ status: 'released', released_at: new Date().toISOString() })."
src/pages/os/unforgettable/UTStaffMemberDashboard.tsx,71,"await supabase.from('staff_inquiries').update({ status }).eq('id', id);"
src/pages/os/unforgettable/UTStaffMemberDashboard.tsx,78,"await supabase.from('staff_inquiries').update({ reply, replied_at: new Date().toISOString(), status: 'responded' }).eq('"
src/pages/os/unforgettable/UTStaffMemberDashboard.tsx,90,"await supabase.from('staff_reviews').update({ reply, replied_at: new Date().toISOString() }).eq('id', id);"
src/pages/os/unforgettable/UTSupplierDecisionEngine.tsx,94,await supabase.from('ut_procurement_approvals' as any).insert({
src/pages/os/unforgettable/UTSupplierDecisionEngine.tsx,124,await supabase.from('ut_shipments' as any).insert({
src/pages/os/unforgettable/UTSupplierFinder.tsx,100,await supabase.from('ut_suppliers' as any).insert({
src/pages/os/unforgettable/UTSupplierInbox.tsx,125,"await supabase.from('ut_supplier_conversations' as any).update({ read_status: true }).eq('id', id);"
src/pages/os/unforgettable/UTSupplierInbox.tsx,131,"await supabase.from('ut_suppliers' as any).update({ is_urgent: true }).eq('id', supplierId);"
src/pages/os/unforgettable/UTSupplierInbox.tsx,137,await supabase.from('ut_supplier_risk_profiles' as any).upsert({
src/pages/os/unforgettable/UTSupplierInbox.tsx,144,"await supabase.from('ut_suppliers' as any).update({ risk_score: 80 }).eq('id', supplierId);"
src/pages/os/unforgettable/UTSupplierInbox.tsx,189,await supabase.from('ut_supplier_negotiations' as any).update({
src/pages/os/unforgettable/UTSupplierInboxV2.tsx,55,"await supabase.from('ut_supplier_messages' as any).update({ is_read: true } as any).eq('thread_id', threadId).eq('is_rea"
src/pages/os/unforgettable/UTSupplierInboxV2.tsx,56,"await supabase.from('ut_supplier_threads' as any).update({ unread_count: 0 } as any).eq('id', threadId);"
src/pages/os/unforgettable/UTSupplierManager.tsx,239,"supabase.from('ut_suppliers' as any).update({ [field]: i + 1 }).eq('id', selectedSupplier.id).then(() => {"
src/pages/os/unforgettable/UTVendorPayments.tsx,27,"await (supabase.from('ut_vendor_payments' as any).update({ status: 'released', released_at: new Date().toISOString() })."
src/pages/os/unforgettable/UTVirtualTours.tsx,146,"await supabase.from('photographer_jobs').insert({ request_id: requestId, photographer_id: photographerId, price, commiss"
src/pages/os/unforgettable/UTVirtualTours.tsx,147,"await supabase.from('virtual_tour_requests').update({ status: 'assigned', assigned_photographer_id: photographerId } as "
src/pages/os/unforgettable/UTVirtualTours.tsx,277,"await supabase.from('photographer_jobs').insert({ request_id: requestId, photographer_id: best.photographer_id, price, c"
src/pages/os/unforgettable/UTVirtualTours.tsx,278,"await supabase.from('virtual_tour_requests').update({ status: 'assigned', assigned_photographer_id: best.photographer_id"
src/pages/os/unforgettable/UTVirtualTours.tsx,296,await supabase.from('photographer_jobs').insert({
src/pages/os/unforgettable/UTVirtualTours.tsx,305,await supabase.from('virtual_tour_requests').update({
src/pages/os/unforgettable/UTVirtualTours.tsx,389,"if (job) await supabase.from('virtual_tour_requests').update({ status: 'completed' } as any).eq('id', job.request_id);"
src/pages/os/unforgettable/UTVirtualTours.tsx,392,"if (p) await supabase.from('photographers').update({ jobs_completed: p.jobs_completed + 1 } as any).eq('id', p.id);"
src/pages/os/unforgettable/UTVirtualTours.tsx,432,await (supabase.from('photographer_territories' as any) as any).insert({
src/pages/os/unforgettable/UTVirtualTours.tsx,440,await (supabase.from('photographer_applications' as any) as any).update({
src/pages/os/unforgettable/UTVirtualTours.tsx,447,await (supabase.from('photographer_applications' as any) as any).update({
src/pages/os/unforgettable/UTVirtualTours.tsx,462,"await (supabase.from('virtual_tour_quotes' as any) as any).update(update).eq('id', quoteId);"
src/pages/os/unforgettable/UTVirtualTours.tsx,469,"await supabase.from('photographer_jobs').update({ qa_status: qaStatus, qa_notes: notes || null } as any).eq('id', jobId)"
src/pages/os/unforgettable/UTVirtualTours.tsx,1290,"await supabase.from('photographer_jobs').update({ payout_id: payout.id, payout_status: 'batched' } as any).eq('id', jid)"
src/pages/os/unforgettable/UTVirtualTours.tsx,1292,await (supabase.from('photographer_payout_audit_log' as any) as any).insert({
src/pages/os/unforgettable/UTVirtualTours.tsx,1356,"await (supabase.from('photographer_payouts' as any) as any).update(updates).eq('id', payoutId);"
src/pages/os/unforgettable/UTVirtualTours.tsx,1360,"await supabase.from('photographer_jobs').update({ payout_status: 'paid' } as any).eq('id', item.photographer_job_id);"
src/pages/os/unforgettable/UTVirtualTours.tsx,1364,"await supabase.from('photographers').update({ last_payout_at: new Date().toISOString(), lifetime_paid_out: (Number((ph a"
src/pages/os/unforgettable/UTVirtualTours.tsx,1366,await (supabase.from('photographer_payout_audit_log' as any) as any).insert({
src/pages/os/unforgettable/UTVirtualTours.tsx,1527,"await (supabase.from('virtual_tour_quotes' as any) as any).update({ quote_status: 'sent', sent_at: new Date().toISOStrin"
src/pages/os/unforgettable/UTVirtualTours.tsx,1528,"await (supabase.from('venue_quote_actions' as any) as any).insert({ quote_id: quoteId, action_type: 'sent', actor_type: "
src/pages/os/unforgettable/UTVirtualTours.tsx,1563,"await (supabase.from('virtual_tour_quotes' as any) as any).update({ quote_status: 'viewed' as any, venue_viewed_at: new "
src/pages/os/unforgettable/UTVirtualTours.tsx,1564,"await (supabase.from('venue_quote_actions' as any) as any).insert({ quote_id: quoteId, action_type: 'viewed', actor_type"
src/pages/os/unforgettable/UTVirtualTours.tsx,1603,"await (supabase.from('venue_quote_revisions' as any) as any).update({ admin_response: response, revision_status: status,"
src/pages/os/unforgettable/UTVirtualTours.tsx,1648,await (supabase.from('virtual_tour_quotes' as any) as any).update({
src/pages/os/unforgettable/UTVirtualTours.tsx,1654,"await (supabase.from('virtual_tour_requests' as any) as any).update({ venue_decision_status: 'approved', booking_convers"
src/pages/os/unforgettable/UTVirtualTours.tsx,1656,"await (supabase.from('venue_quote_actions' as any) as any).insert({ quote_id: quoteId, request_id: requestId, action_typ"
src/pages/os/unforgettable/UTVirtualTours.tsx,1664,await (supabase.from('shoot_date_options' as any) as any).insert({
src/pages/os/unforgettable/UTVirtualTours.tsx,1671,const { data: booking } = await (supabase.from('locked_shoot_bookings' as any) as any).insert({
src/pages/os/unforgettable/UTVirtualTours.tsx,1677,"await (supabase.from('shoot_date_options' as any) as any).update({ option_status: 'selected' }).eq('id', optionId);"
src/pages/os/unforgettable/UTVirtualTours.tsx,1678,"await (supabase.from('virtual_tour_quotes' as any) as any).update({ schedule_status: 'locked', locked_booking_id: bookin"
src/pages/os/unforgettable/UTVirtualTours.tsx,1680,await (supabase.from('virtual_tour_requests' as any) as any).update({ booking_conversion_stage: 'date_locked' }).eq('id'
src/pages/os/unforgettable/UTVirtualTours.tsx,1682,"await (supabase.from('venue_quote_actions' as any) as any).insert({ quote_id: option.quote_id, request_id: option.reques"
src/pages/os/unforgettable/UTVirtualTours.tsx,1759,"await (supabase.from('locked_shoot_bookings' as any) as any).update(updates).eq('id', bookingId);"
src/pages/os/unforgettable/UTVirtualTours.tsx,1809,"await (supabase.from('virtual_tour_quotes' as any) as any).update({ quote_status: 'estimated', quote_expires_at: null })"
src/pages/os/unforgettable/UTVirtualTours.tsx,1810,"await (supabase.from('venue_quote_actions' as any) as any).insert({ quote_id: quoteId, action_type: 'reopened', actor_ty"
src/pages/owner/OwnerCryptoDetailPage.tsx,40,".upsert({ key: SETTING_KEY, value: { url: legacy } }, { onConflict: 'key' });"
src/pages/partner/PartnerRespond.tsx,134,".update({ used: true, used_at: new Date().toISOString(), response_type: 'quoted' })"
src/pages/partner/PartnerRespond.tsx,163,".update({ used: true, used_at: new Date().toISOString(), response_type: 'unavailable' })"
src/pages/partner/PartnerRespond.tsx,194,".update({ used: true, used_at: new Date().toISOString(), response_type: 'alternate' })"
src/pages/portal/BikerLogin.tsx,63,"await supabase.from('portal_devices').update({ last_seen_at: new Date().toISOString() }).eq('id', existing.id);"
src/pages/portal/BikerLogin.tsx,80,await supabase.from('portal_security_events').insert({
src/pages/portal/BikerLogin.tsx,127,await supabase.from('portal_audit_log').insert([{
src/pages/portal/BikerLogin.tsx,151,await supabase.from('portal_audit_log').insert([{
src/pages/portal/DriverLogin.tsx,63,"await supabase.from('portal_devices').update({ last_seen_at: new Date().toISOString() }).eq('id', existing.id);"
src/pages/portal/DriverLogin.tsx,80,await supabase.from('portal_security_events').insert({
src/pages/portal/DriverLogin.tsx,139,await supabase.from('portal_audit_log').insert([{
src/pages/portal/DriverLogin.tsx,165,await supabase.from('portal_audit_log').insert([{
src/pages/portal/PortalRegister.tsx,93,.update({ requested_role: selectedRole })
src/pages/portal/wholesaler/WholesalerFulfillment.tsx,93,"await (supabase as any).from(""shipping_label_events"").insert({"
src/pages/public/BeautyProviderSignup.tsx,167,await (supabase.from('provider_media') as any).insert(mediaInserts);
src/pages/public/BeautyProviderSignup.tsx,173,await (supabase.from('provider_services') as any).insert(
src/pages/public/BeautyProviderSignup.tsx,184,await (supabase.from('beauty_provider_applications') as any).insert({
src/pages/real-estate/RELeadPipeline.tsx,310,"const q = supabase.from('re_leads').update(patch).eq('zip', row.zip || '');"
src/pages/real-estate/REVADesk.tsx,91,"await supabase.from('re_va_tasks').update({ status: 'in_progress' }).eq('id', task.id);"
src/pages/real-estate/REVADesk.tsx,117,await supabase.from('re_va_tasks').update({
src/pages/real-estate/REVADesk.tsx,121,await supabase.from('re_leads').update({
src/pages/real-estate/REVADesk.tsx,127,await supabase.from('re_va_tasks').insert({
src/pages/solar/SolarOutreach.tsx,138,"await supabase.from('solar_leads').update({ status: 'contacted' }).eq('id', leadId);"
src/pages/solar/SolarOutreach.tsx,160,.update({ outreach_status: 'interested' })
src/pages/sports-betting/SportsBettingOS.tsx,737,"await supabase.from('sbo_predictions').delete().eq('game_id', game.id).gte('created_at', rStart);"
src/pages/sports-betting/SportsBettingOS.tsx,738,"await (supabase as any).from('sbo_saved_picks').delete().eq('source_id', localPrediction?.id || localPrediction?.predict"
src/pages/sports-betting/SportsBettingOS.tsx,739,"await supabase.from('sbo_game_intelligence').delete().eq('game_id', game.id);"
src/pages/sports-betting/SportsBettingOS.tsx,1022,"await supabase.from('sbo_predictions').delete().eq('prediction_type', 'player_prop').gte('created_at', `${today}T00:00:0"
src/pages/sports-betting/SportsBettingOS.tsx,1023,"await supabase.from('sbo_saved_picks').delete().eq('pick_type', 'prop').gte('created_at', `${today}T00:00:00-04:00`);"
src/pages/sports-betting/SportsBettingOS.tsx,1767,.delete()
src/pages/sports-betting/SportsBettingOS.tsx,1792,const { data: inserted } = await (supabase as any).from('sbo_parlays').insert({
src/pages/sports-betting/SportsBettingOS.tsx,1817,await (supabase as any).from('sbo_parlay_legs').insert(legRows);
src/pages/sports-betting/SportsBettingOS.tsx,1937,await (supabase as any).from('sbo_parlay_legs').insert(legRows);
src/pages/sports-betting/SportsBettingOS.tsx,4270,await supabase.from('sbo_parlays').insert({
src/pages/sports-betting/SportsBettingOS.tsx,4292,await (supabase as any).from('sbo_run_log').insert({
src/pages/sports-betting/SportsBettingOS.tsx,4426,"await supabase.from('sbo_predictions').delete().gte('created_at', frStart);"
src/pages/sports-betting/SportsBettingOS.tsx,4427,"await supabase.from('sbo_game_intelligence').delete().gte('created_at', frStart);"
src/pages/sports-betting/SportsBettingOS.tsx,4428,"await supabase.from('sbo_games').delete().gte('game_date', frStart).lte('game_date', frEnd);"
src/services/aiEngine.ts,201,await supabase.from('ai_command_logs').insert({
src/services/briefingEngine.ts,251,await client.from('ai_daily_briefings').insert({
src/services/followUpActions.ts,114,await client.from('scheduled_tasks').insert({
src/services/followUpActions.ts,186,await client.from('scheduled_tasks').insert({
src/services/followUpActions.ts,214,await client.from('scheduled_tasks').insert({
src/services/followUpActions.ts,392,await client.from('scheduled_tasks').insert({
src/services/followUpActions.ts,436,await client.from('ai_follow_up_log').insert({
src/services/followUpTriggerService.ts,44,.update({ status: 'completed' })
src/services/followUpTriggerService.ts,107,.update({ status: 'completed' })
src/services/followUpTriggerService.ts,153,.update({ status: 'completed' })
src/services/followUpTriggerService.ts,199,.update({ status: 'completed' })
src/services/invitationService.ts,56,await supabase.from('security_audit_log').insert({
src/services/roleService.ts,204,".insert({ user_id: userId, ...data })"
src/services/roleService.ts,215,".insert({ user_id: userId, ...data })"
src/services/roleService.ts,230,".insert({ user_id: userId, referral_code: referralCode, ...data })"
src/services/roleService.ts,258,".insert({ user_id: userId, ...data })"
src/services/roleService.ts,265,".insert({ user_id: userId, ...data })"
src/services/roleService.ts,272,".insert({ user_id: userId, ...data })"
src/services/roleService.ts,279,".insert({ user_id: userId, ...data })"
src/services/roleService.ts,286,".insert({ user_id: userId, ...data })"
src/services/roleService.ts,335,.update({ user_id: userId })
src/services/roleService.ts,348,.update({ name: opRecord.full_name })
src/services/roleService.ts,362,.insert({
src/services/voiceProviderRouter.ts,85,.insert({
src/services/fieldGovernance/submitFieldChange.ts,189,.update({
src/services/fieldGovernance/submitFieldChange.ts,207,.update({
src/services/fieldGovernance/useGovernedFieldMutation.ts,44,"*     await supabase.from('store_brand_stickers').update(payload.payload_after).eq('id', payload.entity_id);"
src/services/floor10/aiPermissionGuard.ts,202,await supabase.from('ai_decision_log').insert([{
src/services/floor9/executionEngine.ts,292,.update({
src/services/floor9/executionEngine.ts,353,.update({
src/services/floor9/executionEngine.ts,369,.update({
src/services/floor9/executionEngine.ts,747,.insert({
src/services/floor9/executionEngine.ts,865,.update({
src/services/floor9/executionEngine.ts,874,.update({
src/services/floor9/taskProgressService.ts,214,.update({ status: 'rejected' })
src/services/floor9/taskProgressService.ts,281,".update({ final_report: report as unknown as Record<string, any> })"
src/services/intelligenceAccountability/exposureTracker.ts,69,await (supabase as any).from('intelligence_exposures').insert({
src/services/inventory/useStoreInventory.ts,182,await supabase.from('inventory_audit_log').insert({
src/services/inventory/useStoreInventory.ts,235,await supabase.from('inventory_audit_log').insert({
src/services/marketplace/useCart.ts,326,"await supabase.from('cart_items').delete().eq('cart_id', cart.id);"
src/services/marketplace/useCart.ts,327,"await supabase.from('carts').update({ status: 'converted' }).eq('id', cart.id);"
src/services/marketplace/useCheckout.ts,348,await supabase.from('dd_routing_audit').insert({
src/services/marketplace/useCheckout.ts,356,await supabase.from('shipping_labels').insert({
src/services/messaging/useMessaging.ts,240,await supabase.from('messages').insert([{
src/services/messaging/useMessaging.ts,281,".update({ read_by: [...(msg.read_by || []), user.id] })"
src/services/organization/useOrganization.ts,219,await supabase.from('org_activity_logs').insert({
src/services/organization/useOrganization.ts,253,await supabase.from('org_activity_logs').insert({
src/services/organization/useOrganization.ts,282,await supabase.from('org_activity_logs').insert({
src/services/organization/useOrganization.ts,344,".update({ accepted: true, accepted_at: new Date().toISOString() })"
src/services/organization/useOrganization.ts,348,await supabase.from('org_activity_logs').insert({
src/services/taskGovernance/dryRunService.ts,73,.update({
src/services/taskGovernance/dryRunService.ts,207,.update({
src/services/taskGovernance/productionLock.ts,242,* await supabase.from('orders').insert({ ... });
src/services/taskGovernance/productionLock.ts,246,*   await supabase.from('orders').insert({ ... });
src/services/taskGovernance/taskGovernanceService.ts,381,.update({ status: 'rejected' })
src/services/taskGovernance/taskGovernanceService.ts,794,".update({ final_report: report as unknown as Record<string, any> })"
src/services/wholesaler/useWholesalerOrders.ts,116,.update({ status: 'completed' })
src/utils/seedAutomations.ts,64,await supabase.from('automation_rules').insert({
src/utils/seedAutomations.ts,77,await supabase.from('automation_rules').insert({
src/utils/seedAutomations.ts,90,await supabase.from('automation_rules').insert({
src/utils/seedAutomations.ts,103,await supabase.from('automation_rules').insert({
src/utils/seedAutomations.ts,116,await supabase.from('automation_rules').insert({
src/utils/seedAutomations.ts,129,await supabase.from('automation_rules').insert({
src/utils/seedAutomations.ts,142,await supabase.from('automation_rules').insert({
src/utils/xpCalculator.ts,63,.update({
src/utils/xpCalculator.ts,72,.insert({
supabase/functions/_shared/capperIdentity.ts,221,.update({
supabase/functions/_shared/capperIdentity.ts,255,"await supabase.from(""sbo_pending_capper_identities"").insert({"
supabase/functions/_shared/capperIdentity.ts,272,.update({
supabase/functions/_shared/capperIdentity.ts,293,".update({ promoted_at: new Date().toISOString(), promoted_capper_id: capperId })"
supabase/functions/_shared/dc_sync_log.ts,30,await supabase.from('dc_lead_sync_log').insert(entry);
supabase/functions/_shared/dc_sync_log.ts,41,await supabase.from('dc_lead_sync_log').insert(entries);
supabase/functions/_shared/gasmaskMissedRecovery.ts,79,"await supabase.from(""communication_logs"").insert({"
supabase/functions/accept-crm-invite/index.ts,109,.update({ status: 'expired' })
supabase/functions/admin-notify/index.ts,144,"await supabase.from(""admin_notifications_log"").insert({"
supabase/functions/admin-notify/index.ts,236,"await supabase.from(""admin_notifications_log"").insert({"
supabase/functions/admin-notify/index.ts,244,"await supabase.from(""admin_notifications_log"").insert({"
supabase/functions/admin-notify/index.ts,255,"await supabase.from(""admin_notifications_log"").insert({"
supabase/functions/advisor-instincts/index.ts,285,await supabase.from('advisor_sessions').insert({
supabase/functions/advisor-mind/index.ts,164,await supabase.from('advisor_sessions').insert({
supabase/functions/advisor-mind/index.ts,279,await supabase.from('advisor_scenarios').insert({
supabase/functions/ai-backfill-runner/index.ts,57,"await supabase.from('ai_backfill_jobs').update({ status: 'running', last_run_at: new Date().toISOString() }).eq('id', jo"
supabase/functions/ai-backfill-runner/index.ts,101,"await supabase.from('store_master').update({ notes: newNotes }).eq('id', s.id);"
supabase/functions/ai-backfill-runner/index.ts,103,await supabase.from('ai_backfill_items').insert({
supabase/functions/ai-backfill-runner/index.ts,110,await supabase.from('ai_backfill_items').insert({
supabase/functions/ai-backfill-runner/index.ts,143,await supabase.from('ai_backfill_items').insert({
supabase/functions/ai-backfill-runner/index.ts,150,await supabase.from('ai_backfill_items').insert({
supabase/functions/ai-backfill-runner/index.ts,158,await supabase.from('ai_backfill_jobs').update({
supabase/functions/ai-communication-analyzer/index.ts,168,.update({
supabase/functions/ai-dedupe-review/index.ts,118,await supabase.from('dedupe_suggestions').insert({
supabase/functions/ai-financial-briefing/index.ts,135,await supabase.from('financial_ai_insights').insert({
supabase/functions/ai-graduation-evaluator/index.ts,137,.insert({
supabase/functions/ai-graduation-evaluator/index.ts,466,.update({
supabase/functions/ai-graduation-evaluator/index.ts,475,.insert({
supabase/functions/ai-graduation-evaluator/index.ts,490,.insert({
supabase/functions/ai-learning-engine/index.ts,183,.insert({
supabase/functions/ai-risk-scan/index.ts,121,.update(riskData)
supabase/functions/ai-risk-scan/index.ts,213,.update(riskData)
supabase/functions/ai-risk-scan/index.ts,301,.update(riskData)
supabase/functions/ai-risk-scan/index.ts,307,.insert(riskData);
supabase/functions/ai-risk-scan/index.ts,384,.update(riskData)
supabase/functions/ai-risk-scan/index.ts,390,.insert(riskData);
supabase/functions/ai-risk-scan/index.ts,443,.update(snapshotData)
supabase/functions/ai-risk-scan/index.ts,448,.insert(snapshotData);
supabase/functions/ai-risk-scan/index.ts,461,.update({ expires_at: new Date().toISOString() })
supabase/functions/ai-routine-runner/index.ts,149,.insert({
supabase/functions/ai-sales-scorer/index.ts,129,.update({
supabase/functions/ai-worker-engine/index.ts,175,await supabase.from('ai_work_tasks').insert({
supabase/functions/ai-worker-engine/index.ts,262,.update({
supabase/functions/ai-worker-engine/index.ts,273,.update({ status: 'busy' })
supabase/functions/ai-worker-engine/index.ts,291,.update({
supabase/functions/ai-worker-engine/index.ts,302,.update({
supabase/functions/alert-escalation/index.ts,40,".update({ severity: newSeverity, metadata: { ...((alert.metadata as any) || {}), escalated: true, previous_severity: ale"
supabase/functions/alert-escalation/index.ts,45,"await supabase.from(""ai_work_tasks"").insert({"
supabase/functions/alert-escalation/index.ts,56,"await supabase.from(""ai_instinct_log"").insert({"
supabase/functions/ambassador-sale-webhook/index.ts,130,.update({
supabase/functions/analyze-account-note/index.ts,91,.update({
supabase/functions/analyze-dialer-call/index.ts,120,"await supabase.from(""outbound_call_queue"").update({ bland_transcript: transcript }).eq(""id"", queue_item_id);"
supabase/functions/analyze-va-call/index.ts,178,.update({ transcript })
supabase/functions/apply-call-disposition/index.ts,161,.update({
supabase/functions/apply-call-disposition/index.ts,176,.insert({
supabase/functions/apply-call-disposition/index.ts,199,.update({ total_followups: (supabase as any).sql`total_followups + 1` })
supabase/functions/apply-call-disposition/index.ts,223,.update({
supabase/functions/apply-call-disposition/index.ts,238,.insert({
supabase/functions/apply-call-disposition/index.ts,254,"await supabase.from(""call_revenue_events"").insert({"
supabase/functions/apply-call-disposition/index.ts,274,.update({ total_revenue: (camp.total_revenue || 0) + revenue_amount })
supabase/functions/apply-call-disposition/index.ts,293,.update({ [col]: ((camp as any)[col] || 0) + 1 })
supabase/functions/apply-call-disposition/index.ts,303,.update({ do_not_call: true })
supabase/functions/assign-lead-to-dc/index.ts,87,.update({
supabase/functions/audit-note-parser/index.ts,169,"await supabase.from(""audit_batches"").update({"
supabase/functions/audit-note-parser/index.ts,197,"await supabase.from(""audit_batches"").update({"
supabase/functions/audit-note-parser/index.ts,285,"await supabase.from(""audit_batches"").update({"
supabase/functions/auto-assign-deals/index.ts,87,.update({
supabase/functions/auto-assign-deals/index.ts,97,.insert([{
supabase/functions/auto-draft-batches/index.ts,60,await supabase.from('system_alerts').insert({
supabase/functions/auto-fill-application/index.ts,179,.insert(seed)
supabase/functions/auto-fill-application/index.ts,286,.insert({
supabase/functions/auto-fill-application/index.ts,306,.update({ last_autofilled_at: new Date().toISOString() })
supabase/functions/auto-reserve-materials/index.ts,150,.update({
supabase/functions/auto-reserve-materials/index.ts,159,.insert({
supabase/functions/auto-reserve-materials/index.ts,174,await supabase.from('system_alerts').insert({
supabase/functions/auto-reserve-materials/index.ts,201,await supabase.from('system_alerts').insert({
supabase/functions/auto-reserve-materials/index.ts,234,await supabase.from('system_alerts').insert({
supabase/functions/auto-reserve-materials/index.ts,248,".update({ baseline_ratio: currentRatio, last_updated_at: new Date().toISOString() })"
supabase/functions/auto-reserve-materials/index.ts,254,".insert({ office_id: officeId, baseline_ratio: currentRatio });"
supabase/functions/auto-reserve-materials/index.ts,261,await supabase.from('allocation_run_logs').insert({
supabase/functions/auto-send-loan-package/index.ts,106,.insert([{
supabase/functions/autonomous-follow-up/index.ts,60,"await supabase.from(""ai_work_tasks"").insert({"
supabase/functions/autonomous-follow-up/index.ts,70,"await supabase.from(""ai_instinct_log"").insert({"
supabase/functions/autonomous-follow-up/index.ts,111,"await supabase.from(""ai_work_tasks"").insert({"
supabase/functions/autonomous-follow-up/index.ts,153,"await supabase.from(""ai_drift_alerts"").insert({"
supabase/functions/aws-polly-tts/index.ts,140,"await supabase.from(""tts_events"").insert({"
supabase/functions/behavior-monitor/index.ts,203,"await supabase.from(""behavior_violation_log"").insert({"
supabase/functions/behavior-monitor/index.ts,283,.update({
supabase/functions/bland-agent-trigger/index.ts,189,.update({
supabase/functions/bland-agent-trigger/index.ts,214,.update({
supabase/functions/bland-agent-trigger/index.ts,236,"await supabase.from(""live_calls"").upsert("
supabase/functions/bland-agent-webhook/index.ts,138,"await supabase.from(""bland_leads"").update({"
supabase/functions/bland-agent-webhook/index.ts,263,await supabase.from('pending_route_stops').update({
supabase/functions/bland-agent-webhook/index.ts,320,"await supabase.from(""outbound_call_queue"").update({"
supabase/functions/bland-agent-webhook/index.ts,341,.update({
supabase/functions/bland-start-call/index.ts,78,"await supabase.from(""bland_leads"").update({ name, updated_at: new Date().toISOString() }).eq(""id"", lead_id);"
supabase/functions/bland-start-call/index.ts,145,.insert({
supabase/functions/blast-investors-ai/index.ts,75,.insert([{
supabase/functions/blast-investors-ai/index.ts,91,.insert([{
supabase/functions/brandaro-ai-call-status/index.ts,50,.update(updates)
supabase/functions/brandaro-ai-call-status/index.ts,64,".update({ status: ""ai_warmed"" })"
supabase/functions/brandaro-ai-caller/index.ts,240,".update({ status: ""failed"", outcome: JSON.stringify({ pool_exhausted: true }) })"
supabase/functions/brandaro-ai-caller/index.ts,258,".update({ status: ""failed"", outcome: JSON.stringify({ selection_error: String(rpcErr), no_fallback: true }) })"
supabase/functions/brandaro-ai-optimizer/index.ts,142,"await supabase.from(""brandaro_optimization_tasks"").insert({"
supabase/functions/brandaro-ai-optimizer/index.ts,164,"await supabase.from(""brandaro_seo_tasks"").insert({"
supabase/functions/brandaro-analyze-call/index.ts,169,"await supabase.from(""brandaro_va_call_sessions"").update({"
supabase/functions/brandaro-analyze-call/index.ts,192,"await supabase.from(""brandaro_va_objection_events"").insert(objRows);"
supabase/functions/brandaro-analyze-call/index.ts,205,"await supabase.from(""brandaro_va_buying_signals"").insert(sigRows);"
supabase/functions/brandaro-analyze-call/index.ts,241,"await supabase.from(""brandaro_va_lead_heat"").update(heatRow).eq(""lead_id"", lead_id);"
supabase/functions/brandaro-analyze-call/index.ts,243,"await supabase.from(""brandaro_va_lead_heat"").insert(heatRow);"
supabase/functions/brandaro-analyze-call/index.ts,248,"await supabase.from(""brandaro_va_alerts"").insert({"
supabase/functions/brandaro-analyze-call/index.ts,259,"await supabase.from(""brandaro_va_closer_handoffs"").insert({"
supabase/functions/brandaro-analyze-call/index.ts,271,"await supabase.from(""brandaro_va_ai_recommendations"").insert({"
supabase/functions/brandaro-analyze-call/index.ts,298,"await supabase.from(""brandaro_va_task_queue"").insert({"
supabase/functions/brandaro-analyze-call/index.ts,338,"await supabase.from(""brandaro_va_conversion_metrics"").update(metricUpdate).eq(""id"", existingMetric.id);"
supabase/functions/brandaro-analyze-call/index.ts,340,"await supabase.from(""brandaro_va_conversion_metrics"").insert({"
supabase/functions/brandaro-analyze-site/index.ts,182,"await supabase.from(""brandaro_conversion_patterns"").update({"
supabase/functions/brandaro-analyze-site/index.ts,191,"await supabase.from(""brandaro_conversion_patterns"").insert({"
supabase/functions/brandaro-analyze-site/index.ts,259,"await supabase.from(""brandaro_conversion_patterns"").update({"
supabase/functions/brandaro-auto-build/index.ts,79,"await supabase.from(""brandaro_demo_sites"").update({"
supabase/functions/brandaro-auto-build/index.ts,115,"await supabase.from(""brandaro_projects"").update({"
supabase/functions/brandaro-auto-build/index.ts,123,"await supabase.from(""brandaro_demo_sites"").update({"
supabase/functions/brandaro-auto-build/index.ts,155,"await supabase.from(""brandaro_content_blocks"").insert({"
supabase/functions/brandaro-auto-build/index.ts,173,"await supabase.from(""brandaro_build_jobs"").update({"
supabase/functions/brandaro-auto-build/index.ts,183,"await supabase.from(""brandaro_build_jobs"").update({"
supabase/functions/brandaro-auto-build/index.ts,196,"await supabase.from(""brandaro_extracted_templates"").insert({"
supabase/functions/brandaro-auto-build/index.ts,209,"await supabase.from(""brandaro_build_jobs"").update({"
supabase/functions/brandaro-auto-build/index.ts,221,"await supabase.from(""brandaro_build_jobs"").update({"
supabase/functions/brandaro-auto-build/index.ts,240,"await supabase.from(""brandaro_build_patterns"").insert({"
supabase/functions/brandaro-auto-build/index.ts,270,"await supabase.from(""brandaro_build_jobs"").update({"
supabase/functions/brandaro-auto-build/index.ts,289,"await supabase.from(""brandaro_build_jobs"").update({"
supabase/functions/brandaro-auto-build/index.ts,301,"await supabase.from(""brandaro_build_jobs"").update({ deployment_decision: ""auto_deployed"" }).eq(""id"", buildJob.id);"
supabase/functions/brandaro-auto-build/index.ts,308,"await supabase.from(""brandaro_revenue_attribution"").insert({"
supabase/functions/brandaro-auto-build/index.ts,317,"await supabase.from(""brandaro_build_jobs"").update({ deployment_decision: ""review_recommended"" }).eq(""id"", buildJob.id);"
supabase/functions/brandaro-auto-build/index.ts,320,"await supabase.from(""brandaro_review_queue"").insert({"
supabase/functions/brandaro-auto-build/index.ts,339,"await supabase.from(""brandaro_build_jobs"").update({"
supabase/functions/brandaro-auto-build/index.ts,377,"await supabase.from(""brandaro_build_jobs"").update({"
supabase/functions/brandaro-auto-build/index.ts,382,"await supabase.from(""brandaro_review_queue"").insert({"
supabase/functions/brandaro-auto-build/index.ts,799,".update({ usage_count: (selected.usage_count || 0) + 1, updated_at: new Date().toISOString() })"
supabase/functions/brandaro-auto-build/index.ts,842,".update({ usage_count: (selected.usage_count || 0) + 1, last_used_at: new Date().toISOString() })"
supabase/functions/brandaro-auto-build/index.ts,855,"await supabase.from(""brandaro_template_performance"").insert({"
supabase/functions/brandaro-auto-build/index.ts,946,"await supabase.from(""brandaro_demo_sites"").insert({"
supabase/functions/brandaro-auto-build/index.ts,957,"await supabase.from(""brandaro_projects"").update({"
supabase/functions/brandaro-auto-build/index.ts,966,"await supabase.from(""brandaro_build_jobs"").update({"
supabase/functions/brandaro-auto-build/index.ts,976,"await supabase.from(""brandaro_clients"").update({"
supabase/functions/brandaro-auto-build/index.ts,982,"await supabase.from(""brandaro_build_jobs"").update({"
supabase/functions/brandaro-auto-build/index.ts,993,"await supabase.from(""brandaro_build_jobs"").update({ error_log: errors }).eq(""id"", jobId);"
supabase/functions/brandaro-auto-build/index.ts,1113,"await supabase.from(""brandaro_conversion_patterns"").update({"
supabase/functions/brandaro-auto-distribute/index.ts,26,".update({ assigned_va_id: null, assigned_locked_until: null, lock_assigned_by: null })"
supabase/functions/brandaro-auto-distribute/index.ts,135,"await supabase.from(""brandaro_lead_distributions"").insert({"
supabase/functions/brandaro-auto-striker/index.ts,90,".update({ usage_weight: 70, updated_at: new Date().toISOString(), last_evaluated_at: new Date().toISOString() })"
supabase/functions/brandaro-auto-striker/index.ts,93,".update({ usage_weight: 30, updated_at: new Date().toISOString(), last_evaluated_at: new Date().toISOString() })"
supabase/functions/brandaro-auto-striker/index.ts,112,".update({ ...updates, updated_at: new Date().toISOString() })"
supabase/functions/brandaro-auto-striker/index.ts,116,".insert({ lead_id: leadId, ...updates });"
supabase/functions/brandaro-auto-striker/index.ts,131,".update({ send_count: (data.send_count || 0) + 1, updated_at: new Date().toISOString() })"
supabase/functions/brandaro-auto-striker/index.ts,191,".update({ reply_count: newReplyCount, reply_rate: newRate, updated_at: new Date().toISOString() })"
supabase/functions/brandaro-auto-striker/index.ts,205,".update({ lead_status: ""hot_lead"", updated_at: new Date().toISOString() })"
supabase/functions/brandaro-auto-striker/index.ts,218,".update({ conversion_count: newConv, conversion_rate: newRate, updated_at: new Date().toISOString() })"
supabase/functions/brandaro-auto-striker/index.ts,234,"supabase.from(""brandaro_event_failures"").insert({ lead_id, event_type: pipelineEvent!, error_message: e.message });"
supabase/functions/brandaro-auto-striker/index.ts,294,"await supabase.from(""brandaro_auto_actions"").insert({"
supabase/functions/brandaro-auto-striker/index.ts,325,"await supabase.from(""brandaro_auto_actions"").insert({"
supabase/functions/brandaro-auto-striker/index.ts,343,"supabase.from(""brandaro_event_failures"").insert({ lead_id: leadId, event_type: ""sms_sent"", error_message: e.message });"
supabase/functions/brandaro-auto-striker/index.ts,358,"await supabase.from(""brandaro_auto_actions"").insert({"
supabase/functions/brandaro-auto-striker/index.ts,364,".update({ lead_status: ""calling"", updated_at: new Date().toISOString() })"
supabase/functions/brandaro-auto-striker/index.ts,373,"supabase.from(""brandaro_event_failures"").insert({ lead_id: leadId, event_type: ""call_made"", error_message: e.message });"
supabase/functions/brandaro-auto-striker/index.ts,389,"await supabase.from(""brandaro_auto_actions"").insert({"
supabase/functions/brandaro-auto-striker/index.ts,411,"supabase.from(""brandaro_event_failures"").insert({ lead_id: leadId, event_type: ""sms_sent"", error_message: e.message });"
supabase/functions/brandaro-auto-striker/index.ts,417,"await supabase.from(""brandaro_auto_actions"").insert({"
supabase/functions/brandaro-auto-striker/index.ts,434,"await supabase.from(""brandaro_auto_actions"").insert({"
supabase/functions/brandaro-automation-engine/index.ts,36,"await supabase.from(""brandaro_va_task_queue"").insert({"
supabase/functions/brandaro-automation-engine/index.ts,65,"await supabase.from(""brandaro_va_task_queue"").insert({"
supabase/functions/brandaro-automation-engine/index.ts,73,"await supabase.from(""brandaro_va_alerts"").insert({"
supabase/functions/brandaro-automation-engine/index.ts,104,"await supabase.from(""brandaro_va_task_queue"").insert({"
supabase/functions/brandaro-automation-engine/index.ts,126,"await supabase.from(""brandaro_va_task_queue"").insert({"
supabase/functions/brandaro-automation-engine/index.ts,135,".update({ status: ""executed"", executed_at: new Date().toISOString() })"
supabase/functions/brandaro-automation-engine/index.ts,151,"await supabase.from(""brandaro_personalities"").update({ is_active: false }).eq(""id"", p.id);"
supabase/functions/brandaro-automation-engine/index.ts,152,"await supabase.from(""brandaro_va_alerts"").insert({"
supabase/functions/brandaro-automation-engine/index.ts,192,"await supabase.from(""brandaro_automation_log"").insert({"
supabase/functions/brandaro-autonomous-executor/index.ts,77,"await supabase.from(""brandaro_lead_memory"").insert({"
supabase/functions/brandaro-autonomous-executor/index.ts,152,"await supabase.from(""brandaro_followup_queue"").update({ status: ""skipped"" }).eq(""id"", fu.id);"
supabase/functions/brandaro-autonomous-executor/index.ts,168,"await supabase.from(""brandaro_followup_queue"").update({ status: ""executed"", executed_at: new Date().toISOString() }).eq("
supabase/functions/brandaro-autonomous-executor/index.ts,193,"await supabase.from(""brandaro_closer_sessions"").update({"
supabase/functions/brandaro-autonomous-executor/index.ts,210,".update({ daily_contacts: 0, updated_at: new Date().toISOString() })"
supabase/functions/brandaro-autonomous-executor/index.ts,264,"await supabase.from(""brandaro_contact_limits"").update({"
supabase/functions/brandaro-autonomous-executor/index.ts,272,"await supabase.from(""brandaro_contact_limits"").insert({"
supabase/functions/brandaro-autonomous-executor/index.ts,342,"await supabase.from(""communication_logs"").insert({"
supabase/functions/brandaro-autonomous-executor/index.ts,364,"await supabase.from(""brandaro_execution_log"").insert({"
supabase/functions/brandaro-autonomous-executor/index.ts,374,"await supabase.from(""brandaro_automation_log"").insert({"
supabase/functions/brandaro-backfill-claim-env/index.ts,252,".update({ vercel_deployment_id: entry.deployment_id, vercel_project_id: tpl.vercel_project_id })"
supabase/functions/brandaro-build-worker/index.ts,62,"await supabase.from(""brandaro_build_jobs"").update({"
supabase/functions/brandaro-build-worker/index.ts,88,"await supabase.from(""brandaro_build_jobs"").update({"
supabase/functions/brandaro-build-worker/index.ts,95,"await supabase.from(""brandaro_build_jobs"").update({"
supabase/functions/brandaro-call-analysis/index.ts,161,"await supabase.from(""brandaro_voice_agent_calls"").update({"
supabase/functions/brandaro-call-analysis/index.ts,303,"await supabase.from(""brandaro_voice_agent_calls"").update({"
supabase/functions/brandaro-call-analyzer/index.ts,165,"await supabase.from(""brandaro_call_logs"").update({"
supabase/functions/brandaro-call-status/index.ts,52,"await supabase.from(""va_call_logs"").update(updateData).eq(""id"", callLogId);"
supabase/functions/brandaro-call-status/index.ts,97,"await supabase.from(""va_call_logs"").update(updateData).eq(""id"", callLogId);"
supabase/functions/brandaro-call-status/index.ts,111,"await supabase.from(""va_call_logs"").update({"
supabase/functions/brandaro-call-status/index.ts,122,"await supabase.from(""va_call_logs"").update({"
supabase/functions/brandaro-channel-orchestrator/index.ts,129,"await supabase.from(""brandaro_execution_log"").insert({"
supabase/functions/brandaro-channel-orchestrator/index.ts,150,"await supabase.from(""brandaro_contact_limits"").update({"
supabase/functions/brandaro-channel-orchestrator/index.ts,158,"await supabase.from(""brandaro_contact_limits"").insert({"
supabase/functions/brandaro-channel-orchestrator/index.ts,168,"await supabase.from(""brandaro_lead_memory"").insert({"
supabase/functions/brandaro-channel-orchestrator/index.ts,178,"await supabase.from(""brandaro_followup_queue"").insert({"
supabase/functions/brandaro-channel-orchestrator/index.ts,221,"await supabase.from(""brandaro_followup_queue"").update({ status: ""skipped"" }).eq(""id"", fb.id);"
supabase/functions/brandaro-channel-orchestrator/index.ts,234,"await supabase.from(""brandaro_followup_queue"").update({"
supabase/functions/brandaro-closer-action/index.ts,68,"await supabase.from(""communication_logs"").insert({"
supabase/functions/brandaro-closer-action/index.ts,109,"await supabase.from(""communication_logs"").insert({"
supabase/functions/brandaro-closer-action/index.ts,131,"await supabase.from(""communication_logs"").insert({"
supabase/functions/brandaro-closer-action/index.ts,198,"await supabase.from(""brandaro_closer_sessions"").update({"
supabase/functions/brandaro-closer-action/index.ts,205,"await supabase.from(""communication_logs"").insert({"
supabase/functions/brandaro-competitor-takeover/index.ts,35,"await supabase.from(""brandaro_competitor_weaknesses"").insert({"
supabase/functions/brandaro-competitor-takeover/index.ts,71,"await supabase.from(""brandaro_undercut_offers"").insert({"
supabase/functions/brandaro-competitor-takeover/index.ts,88,"await supabase.from(""brandaro_competitor_captures"").insert({"
supabase/functions/brandaro-competitor-takeover/index.ts,110,"await supabase.from(""brandaro_undercut_offers"").update({"
supabase/functions/brandaro-competitor-takeover/index.ts,152,"await supabase.from(""brandaro_market_share"").upsert({"
supabase/functions/brandaro-competitor-takeover/index.ts,223,"await supabase.from(""brandaro_competitor_weaknesses"").insert({"
supabase/functions/brandaro-competitor-takeover/index.ts,233,"await supabase.from(""brandaro_undercut_offers"").insert({"
supabase/functions/brandaro-conversation-ai/index.ts,76,"await supabase.from(""brandaro_conversations"").insert({"
supabase/functions/brandaro-conversation-ai/index.ts,96,"await supabase.from(""brandaro_conversations"").insert({"
supabase/functions/brandaro-create-checkout/index.ts,107,"await supabase.from(""brandaro_proposals"").update({"
supabase/functions/brandaro-create-payment-link/index.ts,135,"await supabase.from(""brandaro_close_pipeline"").update({"
supabase/functions/brandaro-demo-public/index.ts,120,.update({ last_viewed_at: new Date().toISOString() })
supabase/functions/brandaro-durable-webhook/index.ts,90,"const jobQuery = supabase.from(""brandaro_build_jobs"").update(jobUpdate);"
supabase/functions/brandaro-durable-webhook/index.ts,116,"const query = supabase.from(""brandaro_demo_sites"").update(update);"
supabase/functions/brandaro-execution-worker/index.ts,86,"await supabase.from(""brandaro_execution_queue"").insert(toInsert);"
supabase/functions/brandaro-execution-worker/index.ts,124,".update({ status: ""failed"", result: { reason: ""no_phone"" }, updated_at: new Date().toISOString() })"
supabase/functions/brandaro-execution-worker/index.ts,133,".update({ status: ""completed"", result: { reason: `status_${lead.lead_status}` }, updated_at: new Date().toISOString() })"
supabase/functions/brandaro-execution-worker/index.ts,160,".update({ next_attempt_at: tomorrow.toISOString(), updated_at: new Date().toISOString() })"
supabase/functions/brandaro-execution-worker/index.ts,220,"await supabase.from(""brandaro_auto_actions"").insert({"
supabase/functions/brandaro-execution-worker/index.ts,241,"await supabase.from(""brandaro_event_failures"").insert({"
supabase/functions/brandaro-execution-worker/index.ts,250,"await supabase.from(""brandaro_execution_queue"").update({"
supabase/functions/brandaro-execution-worker/index.ts,261,".update({ lead_status: ""calling"", updated_at: new Date().toISOString() })"
supabase/functions/brandaro-execution-worker/index.ts,266,"await supabase.from(""brandaro_execution_queue"").update({"
supabase/functions/brandaro-execution-worker/index.ts,277,"await supabase.from(""brandaro_execution_queue"").update({"
supabase/functions/brandaro-execution-worker/index.ts,288,"await supabase.from(""brandaro_lead_performance"").upsert({"
supabase/functions/brandaro-execution-worker/index.ts,297,".update({ outcome: ""contacted"", updated_at: new Date().toISOString() })"
supabase/functions/brandaro-generate-demo/index.ts,319,".update({ reviews: leadReviews, photos: leadPhotos }).eq(""id"", lead_id);"
supabase/functions/brandaro-generate-demo/index.ts,332,"const { data: errDemo } = await supabase.from(""brandaro_demo_sites"").insert({"
supabase/functions/brandaro-generate-demo/index.ts,430,".update({ deployment_status: ""deploying"" }).eq(""id"", demo.id);"
supabase/functions/brandaro-generate-demo/index.ts,598,"await supabase.from(""brandaro_demo_sites"").update({"
supabase/functions/brandaro-generate-demo/index.ts,610,"const { data: updated } = await supabase.from(""brandaro_demo_sites"").update({"
supabase/functions/brandaro-global-scaling/index.ts,75,"await supabase.from(""brandaro_market_duplications"").insert({"
supabase/functions/brandaro-global-scaling/index.ts,86,"await supabase.from(""brandaro_territories"").update({"
supabase/functions/brandaro-global-scaling/index.ts,92,"await supabase.from(""brandaro_scaling_log"").insert({"
supabase/functions/brandaro-global-scaling/index.ts,117,"await supabase.from(""brandaro_territories"").update({ status: ""active"" }).eq(""id"", t.id);"
supabase/functions/brandaro-global-scaling/index.ts,122,"await supabase.from(""brandaro_territories"").update({ status: ""scaling"" }).eq(""id"", t.id);"
supabase/functions/brandaro-global-scaling/index.ts,127,"await supabase.from(""brandaro_territories"").update({ status: ""paused"" }).eq(""id"", t.id);"
supabase/functions/brandaro-global-scaling/index.ts,134,"await supabase.from(""brandaro_scaling_log"").insert({"
supabase/functions/brandaro-global-scaling/index.ts,183,"await supabase.from(""brandaro_expansion_suggestions"").insert(suggestions);"
supabase/functions/brandaro-handle-inbound/index.ts,108,".update({ ai_paused: true, pipeline_stage: ""lost"", lead_status: ""not_interested"", updated_at: new Date().toISOString() }"
supabase/functions/brandaro-handle-inbound/index.ts,170,".update({ reply_received: true, status: ""replied"" })"
supabase/functions/brandaro-handle-inbound/index.ts,178,"await supabase.from(""brandaro_close_pipeline"").update({"
supabase/functions/brandaro-handle-inbound/index.ts,194,"await supabase.from(""brandaro_close_pipeline"").update({"
supabase/functions/brandaro-lead-discovery/index.ts,43,"await supabase.from('brandaro_discovery_jobs').update({ status: 'failed', error_message: errMsg }).eq('id', jobId);"
supabase/functions/brandaro-lead-discovery/index.ts,53,".update({ status: 'running', started_at: new Date().toISOString() })"
supabase/functions/brandaro-lead-discovery/index.ts,364,await supabase.from('brandaro_discovery_jobs').update({
supabase/functions/brandaro-lead-discovery/index.ts,381,await supabase.from('brandaro_discovery_jobs').update({
supabase/functions/brandaro-learning-engine/index.ts,74,"await supabase.from(""brandaro_response_library"").update({"
supabase/functions/brandaro-learning-engine/index.ts,92,".update({ is_active: false, updated_at: new Date().toISOString() })"
supabase/functions/brandaro-learning-engine/index.ts,130,"await supabase.from(""brandaro_response_library"").insert({"
supabase/functions/brandaro-learning-engine/index.ts,184,"await supabase.from(""brandaro_winning_patterns"").update({"
supabase/functions/brandaro-learning-engine/index.ts,189,"await supabase.from(""brandaro_winning_patterns"").insert({"
supabase/functions/brandaro-learning-engine/index.ts,236,"await supabase.from(""brandaro_va_skill_profiles"").update({"
supabase/functions/brandaro-learning-engine/index.ts,243,"await supabase.from(""brandaro_va_skill_profiles"").insert({"
supabase/functions/brandaro-maintenance-coach/index.ts,147,.insert(
supabase/functions/brandaro-maintenance-coach/index.ts,182,"? await supabase.from(""brandaro_upsell_opportunities"").insert(upsellRows).select()"
supabase/functions/brandaro-market-domination/index.ts,48,"await supabase.from(""brandaro_system_decisions"").insert({"
supabase/functions/brandaro-market-domination/index.ts,71,"await supabase.from(""brandaro_competitor_intel"").update({"
supabase/functions/brandaro-market-domination/index.ts,77,"await supabase.from(""brandaro_competitor_intel"").insert({"
supabase/functions/brandaro-market-domination/index.ts,114,"await supabase.from(""brandaro_offer_variants"").insert({"
supabase/functions/brandaro-market-domination/index.ts,167,"await supabase.from(""brandaro_offer_variants"").update({"
supabase/functions/brandaro-market-domination/index.ts,176,"await supabase.from(""brandaro_offer_variants"").update({"
supabase/functions/brandaro-market-domination/index.ts,204,"await supabase.from(""brandaro_offer_variants"").update({"
supabase/functions/brandaro-market-domination/index.ts,232,"await supabase.from(""brandaro_offer_variants"").update({"
supabase/functions/brandaro-market-domination/index.ts,292,"await supabase.from(""brandaro_pricing_tests"").update({"
supabase/functions/brandaro-metrics-worker/index.ts,75,"await supabase.from(""brandaro_client_metrics"").update(metricsData).eq(""id"", existing.id);"
supabase/functions/brandaro-metrics-worker/index.ts,77,"await supabase.from(""brandaro_client_metrics"").insert(metricsData);"
supabase/functions/brandaro-metrics-worker/index.ts,93,"await supabase.from(""brandaro_client_alerts"").insert({"
supabase/functions/brandaro-monthly-report/index.ts,101,"await supabase.from(""brandaro_sms_queue"").insert({"
supabase/functions/brandaro-monthly-report/index.ts,112,.update({ last_report_sent_at: new Date().toISOString() })
supabase/functions/brandaro-nightly-discovery/index.ts,40,"await supabase.from(""brandaro_nightly_discovery_log"").insert({"
supabase/functions/brandaro-nightly-discovery/index.ts,48,".update({ status: ""running"", started_at: new Date().toISOString() })"
supabase/functions/brandaro-nightly-discovery/index.ts,68,.update({
supabase/functions/brandaro-post-payment/index.ts,44,"await supabase.from(""brandaro_proposals"").update({"
supabase/functions/brandaro-post-payment/index.ts,106,.insert({
supabase/functions/brandaro-post-payment/index.ts,122,"await supabase.from(""brandaro_subscriptions"").insert({"
supabase/functions/brandaro-post-payment/index.ts,133,.update({
supabase/functions/brandaro-post-payment/index.ts,143,"await supabase.from(""brandaro_tasks"").insert({"
supabase/functions/brandaro-post-payment/index.ts,156,".update({ lead_status: ""sold"", proposal_status: ""accepted"" })"
supabase/functions/brandaro-predictive-engine/index.ts,178,.update(pred)
supabase/functions/brandaro-predictive-engine/index.ts,181,"await supabase.from(""brandaro_conversion_predictions"").insert(pred);"
supabase/functions/brandaro-predictive-engine/index.ts,259,"await supabase.from(""brandaro_niche_performance"").update(row).eq(""id"", existing.id);"
supabase/functions/brandaro-predictive-engine/index.ts,261,"await supabase.from(""brandaro_niche_performance"").insert(row);"
supabase/functions/brandaro-predictive-engine/index.ts,277,"await supabase.from(""brandaro_revenue_tracking"").insert({"
supabase/functions/brandaro-predictive-engine/index.ts,287,".update({ converted: true, updated_at: new Date().toISOString() })"
supabase/functions/brandaro-predictive-engine/index.ts,292,".update({ outcome: ""converted"", acted_on: true, updated_at: new Date().toISOString() })"
supabase/functions/brandaro-provision-client-site/index.ts,149,"await supabase.from(""brandaro_build_jobs"").update({"
supabase/functions/brandaro-provision-client-site/index.ts,159,"await supabase.from(""brandaro_build_jobs"").update({"
supabase/functions/brandaro-provision-client-site/index.ts,235,"await supabase.from(""brandaro_build_jobs"").update({"
supabase/functions/brandaro-receptionist-webhook/index.ts,162,".upsert({ user_id: userId, role: ""receptionist_client"" }, { onConflict: ""user_id,role"" });"
supabase/functions/brandaro-receptionist-webhook/index.ts,165,.update({ auth_user_id: userId })
supabase/functions/brandaro-receptionist-webhook/index.ts,213,".update({ lead_status: ""client"", pipeline_stage: ""closed_won"" })"
supabase/functions/brandaro-receptionist-webhook/index.ts,241,.update({ next_billing_date: nextMonthDate() })
supabase/functions/brandaro-receptionist-webhook/index.ts,251,.update({
supabase/functions/brandaro-recovery-worker/index.ts,83,".update({ status: ""failed"" })"
supabase/functions/brandaro-recovery-worker/index.ts,112,"await supabase.from(""brandaro_payment_recovery"").update({"
supabase/functions/brandaro-recovery-worker/index.ts,126,"await supabase.from(""brandaro_closer_sessions"").update({"
supabase/functions/brandaro-recovery-worker/index.ts,132,"await supabase.from(""communication_logs"").insert({"
supabase/functions/brandaro-recovery-worker/index.ts,148,".update({ status: ""failed"" })"
supabase/functions/brandaro-recovery-worker/index.ts,156,"await supabase.from(""brandaro_closer_alerts"").insert({"
supabase/functions/brandaro-retell-webhook/index.ts,67,.update({
supabase/functions/brandaro-retell-webhook/index.ts,84,.update({
supabase/functions/brandaro-retell-webhook/index.ts,103,.update({
supabase/functions/brandaro-retell-webhook/index.ts,147,.update({
supabase/functions/brandaro-retry-jobs/index.ts,55,".update({ status: ""pending"" })"
supabase/functions/brandaro-retry-jobs/index.ts,69,".update({ status: ""resolved"", resolved_at: new Date().toISOString() })"
supabase/functions/brandaro-retry-jobs/index.ts,83,.update({
supabase/functions/brandaro-retry-jobs/index.ts,94,.update({
supabase/functions/brandaro-revenue-autopilot/index.ts,95,"await supabase.from(""brandaro_scaling_actions"").insert(scalingActions);"
supabase/functions/brandaro-revenue-autopilot/index.ts,123,"await supabase.from(""brandaro_reinvestment_cycles"").insert({"
supabase/functions/brandaro-revenue-autopilot/index.ts,136,"await supabase.from(""brandaro_budget_allocations"").upsert({"
supabase/functions/brandaro-score-demo/index.ts,658,"await supabase.from(""brandaro_demo_sites"").update({"
supabase/functions/brandaro-scout-agent/index.ts,93,"await supabase.from(""brandaro_scout_config"").update({ daily_spend_today: 0, spend_reset_date: today }).eq(""id"", config.i"
supabase/functions/brandaro-scout-agent/index.ts,99,"await supabase.from(""brandaro_scout_config"").update({ monthly_spend_this_month: 0, monthly_reset_date: today }).eq(""id"","
supabase/functions/brandaro-scout-agent/index.ts,157,"const { data: run } = await supabase.from(""brandaro_scout_runs"").insert({ status: ""running"" }).select().single();"
supabase/functions/brandaro-scout-agent/index.ts,161,"await supabase.from(""brandaro_scout_spend_log"").insert({"
supabase/functions/brandaro-scout-agent/index.ts,352,"await supabase.from(""brandaro_scout_spend_log"").insert({"
supabase/functions/brandaro-scout-agent/index.ts,357,"await supabase.from(""brandaro_scout_memory"").insert({"
supabase/functions/brandaro-scout-agent/index.ts,367,"await supabase.from(""brandaro_market_intelligence"").upsert({"
supabase/functions/brandaro-scout-agent/index.ts,392,"await supabase.from(""brandaro_scout_runs"").update({"
supabase/functions/brandaro-scout-agent/index.ts,400,"await supabase.from(""brandaro_scout_config"").update({"
supabase/functions/brandaro-send-demo/index.ts,51,"await supabase.from(""brandaro_message_log"").insert({"
supabase/functions/brandaro-send-demo/index.ts,128,"await supabase.from(""brandaro_message_log"").insert({"
supabase/functions/brandaro-send-demo/index.ts,143,"await supabase.from(""brandaro_job_failures"").insert({"
supabase/functions/brandaro-send-followup/index.ts,52,".update({ status: ""failed"" })"
supabase/functions/brandaro-send-followup/index.ts,91,.update({
supabase/functions/brandaro-send-followup/index.ts,98,"await supabase.from(""brandaro_message_log"").insert({"
supabase/functions/brandaro-send-followup/index.ts,115,"await supabase.from(""brandaro_job_failures"").insert({"
supabase/functions/brandaro-send-followups/index.ts,80,"await supabase.from(""brandaro_followup_sequences"").update({"
supabase/functions/brandaro-send-followups/index.ts,98,"await supabase.from(""brandaro_followup_sequences"").update({"
supabase/functions/brandaro-send-followups/index.ts,117,"await supabase.from(""brandaro_followup_sequences"").update({"
supabase/functions/brandaro-send-followups/index.ts,153,"await supabase.from(""brandaro_close_pipeline"").update({"
supabase/functions/brandaro-send-followups/index.ts,234,"await supabase.from(""brandaro_followup_sequences"").update({"
supabase/functions/brandaro-serve-demo/index.ts,54,"await supabase.from(""brandaro_demo_events"").insert({"
supabase/functions/brandaro-serve-demo/index.ts,65,.update({
supabase/functions/brandaro-serve-demo/index.ts,87,"await supabase.from(""brandaro_qualified_leads"").update(updates).eq(""id"", demo.lead_id);"
supabase/functions/brandaro-sms-dispatch/index.ts,117,".update({ status: ""sent"", sent_at: new Date().toISOString() })"
supabase/functions/brandaro-sms-dispatch/index.ts,121,"await supabase.from(""brandaro_message_log"").insert({"
supabase/functions/brandaro-sms-dispatch/index.ts,138,".update({ status: ""failed"" })"
supabase/functions/brandaro-sms-dispatch/index.ts,151,".update({ status: ""failed"" })"
supabase/functions/brandaro-stripe-webhook/index.ts,71,"? supabase.from(""brandaro_close_pipeline"").update({"
supabase/functions/brandaro-stripe-webhook/index.ts,80,": supabase.from(""brandaro_close_pipeline"").update({"
supabase/functions/brandaro-stripe-webhook/index.ts,106,"await supabase.from(""brandaro_call_patterns"").insert({"
supabase/functions/brandaro-stripe-webhook/index.ts,124,".update({ status: ""cancelled"" })"
supabase/functions/brandaro-stripe-webhook/index.ts,131,".update({ status: ""client"", updated_at: new Date().toISOString() })"
supabase/functions/brandaro-stripe-webhook/index.ts,203,"await supabase.from(""brandaro_job_failures"").insert({"
supabase/functions/brandaro-stripe-webhook/index.ts,228,.update({
supabase/functions/brandaro-stripe-webhook/index.ts,261,.update({ stripe_subscription_id: subscription.id })
supabase/functions/brandaro-sync-recordings/index.ts,145,"await supabase.from(""va_call_logs"").update({ transcript }).eq(""id"", row.id);"
supabase/functions/brandaro-track-demo-event/index.ts,42,.update({
supabase/functions/brandaro-track-demo-event/index.ts,83,.update(updates)
supabase/functions/brandaro-track-lead-event/index.ts,61,"await supabase.from(""brandaro_client_metrics"").update(updates).eq(""id"", existing.id);"
supabase/functions/brandaro-track-lead-event/index.ts,64,"await supabase.from(""brandaro_client_metrics"").insert({"
supabase/functions/brandaro-track-lead-event/index.ts,95,"await supabase.from(""brandaro_client_alerts"").insert({"
supabase/functions/brandaro-track-performance/index.ts,54,"await supabase.from(""brandaro_template_performance"").insert({"
supabase/functions/brandaro-track-performance/index.ts,88,.update(updates)
supabase/functions/brandaro-track-performance/index.ts,135,.update({
supabase/functions/brandaro-track-performance/index.ts,146,.update({ avg_score: totalScore })
supabase/functions/brandaro-track-performance/index.ts,192,.update({
supabase/functions/brandaro-track-performance/index.ts,211,.update({ performance_rank: i + 1 })
supabase/functions/brandaro-track-revenue/index.ts,128,"await supabase.from(""brandaro_revenue_attribution"").update({"
supabase/functions/brandaro-track-revenue/index.ts,143,"await supabase.from(""brandaro_design_profiles"").update({"
supabase/functions/brandaro-track-revenue/index.ts,174,"await supabase.from(""brandaro_design_profiles"").update({"
supabase/functions/brandaro-track-revenue/index.ts,199,"await supabase.from(""brandaro_conversion_patterns"").update({"
supabase/functions/brandaro-voice-agent/index.ts,235,.update({ times_used: (obj.times_used || 0) + 1 })
supabase/functions/brandaro-voice-agent/index.ts,365,.update({ times_converted: (handler.times_converted || 0) + 1 })
supabase/functions/brandaro-voice-agent/index.ts,378,.update({
supabase/functions/brandaro-voice-agent/index.ts,385,"await supabase.from(""brandaro_close_pipeline"").upsert({"
supabase/functions/brandaro-voice-agent/index.ts,401,"await supabase.from(""brandaro_followup_sequences"").insert({"
supabase/functions/brandaro-voice-agent/index.ts,429,"await supabase.from(""brandaro_close_pipeline"").upsert({"
supabase/functions/brandaro-voice-agent/index.ts,437,"await supabase.from(""brandaro_followup_sequences"").insert({"
supabase/functions/brandaro-voice-agent/index.ts,456,.update(updates)
supabase/functions/bureau-deadline-checker/index.ts,99,.update({ escalation_sent: true })
supabase/functions/call-ai-assist/index.ts,123,.update({
supabase/functions/call-ai-assisted-suggest/index.ts,176,.insert({
supabase/functions/call-ai-authorize-live/index.ts,169,.update({
supabase/functions/call-ai-authorize-live/index.ts,177,"await supabase.from(""mode_transition_logs"").insert({"
supabase/functions/call-ai-auto-downgrade/index.ts,135,.update(updatePayload)
supabase/functions/call-ai-auto-downgrade/index.ts,139,"await supabase.from(""mode_transition_logs"").insert({"
supabase/functions/call-ai-auto-downgrade/index.ts,149,"await supabase.from(""ai_audit_logs"").insert({"
supabase/functions/call-ai-auto-downgrade/index.ts,165,.update({ consecutive_failures: 0 })
supabase/functions/call-ai-canary-escape/index.ts,53,.update({
supabase/functions/call-ai-canary-escape/index.ts,95,.update({
supabase/functions/call-ai-canary-escape/index.ts,110,await supabase.from('canary_escape_events').insert({
supabase/functions/call-ai-canary-escape/index.ts,125,await supabase.from('ai_call_tone_events').insert({
supabase/functions/call-ai-canary-escape/index.ts,134,await supabase.from('ai_agent_failures').insert({
supabase/functions/call-ai-canary-escape/index.ts,162,.update({
supabase/functions/call-ai-canary-escape/index.ts,170,.update({
supabase/functions/call-ai-canary-gate/index.ts,201,await supabase.from('canary_call_log').insert({
supabase/functions/call-ai-canary-gate/index.ts,219,.update({
supabase/functions/call-ai-kill-switch/index.ts,114,.update({
supabase/functions/call-ai-kill-switch/index.ts,140,.update({
supabase/functions/call-ai-kill-switch/index.ts,150,.update({
supabase/functions/call-ai-kill-switch/index.ts,168,"await supabase.from(""mode_transition_logs"").insert({"
supabase/functions/call-ai-kill-switch/index.ts,190,.update({
supabase/functions/call-ai-kill-switch/index.ts,214,.update({
supabase/functions/call-ai-shadow-processor/index.ts,221,.upsert({
supabase/functions/call-ai-trust-evaluator/index.ts,158,.update(scoreData)
supabase/functions/call-ai-trust-evaluator/index.ts,163,".insert({ ...scoreData, current_mode: 'shadow' });"
supabase/functions/call-ai-trust-evaluator/index.ts,232,".update({ mode: newMode, updated_at: new Date().toISOString() })"
supabase/functions/call-ai-trust-evaluator/index.ts,240,.update({
supabase/functions/call-ai-trust-evaluator/index.ts,261,.insert({
supabase/functions/call-auto-escalation/index.ts,173,.update({
supabase/functions/call-auto-escalation/index.ts,183,.insert({
supabase/functions/call-auto-escalation/index.ts,225,"await supabase.from(""call_followups"").insert({"
supabase/functions/call-auto-escalation/index.ts,240,"await supabase.from(""communication_alerts"").insert({"
supabase/functions/call-auto-escalation/index.ts,249,"await supabase.from(""communication_escalations"").insert({"
supabase/functions/call-auto-escalation/index.ts,259,"await supabase.from(""sms_logs"").insert({"
supabase/functions/call-auto-escalation/index.ts,274,"await supabase.from(""voicemails"").update({ status: ""escalated"" }).eq(""id"", entity.id);"
supabase/functions/call-auto-escalation/index.ts,276,"await supabase.from(""call_outcomes"").update({ resolution_status: ""escalated"" }).eq(""id"", entity.id);"
supabase/functions/call-center-ai-processor/index.ts,131,await supabase.from('call_center_alerts').insert({
supabase/functions/call-center-ai-processor/index.ts,143,.update({
supabase/functions/call-center-ai-processor/index.ts,154,await supabase.from('call_center_tasks').insert(autoTasks);
supabase/functions/call-center-missed-call-recovery/index.ts,57,.update({ recovered: true })
supabase/functions/call-disclosure-handler/index.ts,66,.update({ disclosure_completed: true })
supabase/functions/call-disclosure-handler/index.ts,131,.update({
supabase/functions/call-disclosure-handler/index.ts,142,.update({ disclosure_violations: 1 })
supabase/functions/call-intelligence/index.ts,267,.update({ has_transcript: true })
supabase/functions/call-outcome-intelligence/index.ts,137,await supabase.from('call_intelligence_signals').insert({
supabase/functions/call-outcome-intelligence/index.ts,158,await supabase.from('call_intelligence_signals').insert({
supabase/functions/call-outcome-intelligence/index.ts,191,await supabase.from('call_intelligence_signals').insert({
supabase/functions/call-outcome-intelligence/index.ts,219,await supabase.from('call_intelligence_signals').insert({
supabase/functions/call-outcome-intelligence/index.ts,256,await supabase.from('call_intelligence_signals').insert({
supabase/functions/call-outcome-intelligence/index.ts,282,await supabase.from('call_intelligence_signals').insert({
supabase/functions/call-playbook-selector/index.ts,144,.insert({
supabase/functions/call-playbook-selector/index.ts,163,.update({
supabase/functions/call-state-orchestrator/index.ts,131,await supabase.from('call_state_transitions').insert({
supabase/functions/call-state-orchestrator/index.ts,409,await supabase.from('ai_audit_events').insert({
supabase/functions/call-technique-extractor/index.ts,185,.update({ is_exemplar_call: true })
supabase/functions/campaign-frame-writer/index.ts,126,"await supabase.from(""execution_gate_log"").insert({"
supabase/functions/campaign-frame-writer/index.ts,142,.update({ frame_written: true })
supabase/functions/campaign-frame-writer/index.ts,149,.update({
supabase/functions/campaign-frame-writer/index.ts,160,"await supabase.from(""outbound_opt_out_registry"").upsert({"
supabase/functions/campaign-frame-writer/index.ts,231,.update({
supabase/functions/campaign-kill-switch/index.ts,109,await supabase.from('ai_audit_logs').insert({
supabase/functions/campaign-kill-switch/index.ts,167,await supabase.from('ai_audit_logs').insert({
supabase/functions/campaign-kill-switch/index.ts,272,.update({
supabase/functions/cb-dispatch-engine/index.ts,56,"await supabase.from(""cb_communication_logs"").insert({"
supabase/functions/cb-dispatch-engine/index.ts,318,"await supabase.from(""cb_partner_response_tokens"").insert({"
supabase/functions/cb-dispatch-engine/index.ts,330,.insert({
supabase/functions/cb-dispatch-engine/index.ts,359,".update({ status: smsResult.success ? ""sent"" : ""failed"", sent_at: new Date().toISOString(),"
supabase/functions/cb-dispatch-engine/index.ts,381,".update({ status: emailResult.success ? ""sent"" : ""failed"", sent_at: new Date().toISOString(),"
supabase/functions/cb-dispatch-engine/index.ts,390,".update({ status: ""awaiting_quotes"", updated_at: new Date().toISOString() })"
supabase/functions/cb-dispatch-engine/index.ts,443,".update({ status: ""responded"", responded_at: new Date().toISOString() })"
supabase/functions/cb-dispatch-engine/index.ts,464,"await supabase.from(""cb_quote_selection_events"").insert({"
supabase/functions/cb-dispatch-engine/index.ts,476,".update({ is_selected: true }).eq(""id"", quote_id);"
supabase/functions/cb-dispatch-engine/index.ts,480,.update({
supabase/functions/cb-dispatch-engine/index.ts,532,".update({ status: ""customer_review"", customer_offer_sent_at: new Date().toISOString(), updated_at: new Date().toISOStrin"
supabase/functions/cb-dispatch-engine/index.ts,703,"await supabase.from(""cb_auto_evaluations"").insert(evalRows);"
supabase/functions/cb-dispatch-engine/index.ts,707,".update({ is_selected: true }).eq(""id"", winner.quote_id);"
supabase/functions/cb-dispatch-engine/index.ts,710,"await supabase.from(""cb_quote_margins"").upsert({"
supabase/functions/cb-dispatch-engine/index.ts,720,"await supabase.from(""cb_quote_selection_events"").insert({"
supabase/functions/cb-dispatch-engine/index.ts,730,"await supabase.from(""cb_booking_requests"").update({"
supabase/functions/cb-dispatch-engine/index.ts,768,"await supabase.from(""cb_booking_requests"").update({"
supabase/functions/check-bill-balances/index.ts,29,"await supabase.from(""funding_bills"").update({ card_sufficient: false, status: ""at_risk"" }).eq(""id"", bill.id);"
supabase/functions/check-bill-balances/index.ts,37,"await supabase.from(""funding_bills"").update({"
supabase/functions/check-bill-balances/index.ts,53,".update({ status: ""overdue"" })"
supabase/functions/claude-call-analyzer/index.ts,127,".update({ lead_quality: leadQuality, next_action: nextAction })"
supabase/functions/claude-call-analyzer/index.ts,314,"await supabase.from(""dynasty_lead_pipeline"").insert({"
supabase/functions/claude-call-analyzer/index.ts,347,.update({
supabase/functions/claude-call-analyzer/index.ts,355,"await supabase.from(""dynasty_objection_library"").insert({"
supabase/functions/clipper-connect-onboard/index.ts,61,.update({ stripe_connect_id: accountId })
supabase/functions/cold-call-tts-blast/index.ts,147,".update({ status: ""dialing"", updated_at: new Date().toISOString() })"
supabase/functions/cold-call-tts-blast/index.ts,203,.update({
supabase/functions/cold-call-tts-blast/index.ts,215,.update({
supabase/functions/cold-call-tts-blast/index.ts,222,"await supabase.from(""manual_call_logs"").insert({"
supabase/functions/cold-call-tts-blast/index.ts,238,.update({
supabase/functions/cold-call-tts-blast/index.ts,276,.update({
supabase/functions/cold-call-tts-blast/index.ts,288,".update({ status: ""completed"" })"
supabase/functions/cold-call-tts-webhook/index.ts,54,.update({
supabase/functions/cold-call-tts-webhook/index.ts,73,.update({
supabase/functions/cold-call-tts-webhook/index.ts,91,.update({
supabase/functions/cold-call-tts-webhook/index.ts,111,.update({
supabase/functions/compliance-baseline-manager/index.ts,214,.update({ is_active: false })
supabase/functions/compliance-baseline-manager/index.ts,234,.upsert({
supabase/functions/compliance-metrics-calculator/index.ts,142,await supabase.from('compliance_alerts').insert({
supabase/functions/compliance-sentinel/index.ts,62,".insert({ business_id, sentinel_enabled: true })"
supabase/functions/compliance-sentinel/index.ts,235,"await supabase.from(""compliance_drift_events"").insert({"
supabase/functions/compliance-sentinel/index.ts,262,.insert({
supabase/functions/compliance-sentinel/index.ts,280,.update({
supabase/functions/compliance-sentinel/index.ts,314,.update({
supabase/functions/compliance-sentinel/index.ts,326,.update({
supabase/functions/create-ops-thread/index.ts,118,await supabase.from('ops_inbox_events').insert({
supabase/functions/create-tt-booking/index.ts,142,await supabase.from('tt_notifications_log').insert({
supabase/functions/create-tt-booking/index.ts,152,await supabase.from('tt_dispatches').insert({
supabase/functions/create-tt-booking/index.ts,168,await supabase.from('tt_notifications_log').insert({
supabase/functions/create-tt-booking/index.ts,180,await supabase.from('tt_notifications_log').insert({
supabase/functions/credit-analysis-brain/index.ts,150,"await supabase.from(""client_notes"").insert({"
supabase/functions/credit-analysis-brain/index.ts,160,.update({
supabase/functions/crm-inactivity-scanner/index.ts,264,await supabase.from('owner_mission_activity').insert({
supabase/functions/crm-inactivity-scanner/index.ts,273,.update({
supabase/functions/crm-inactivity-scanner/index.ts,319,await supabase.from('owner_mission_activity').insert([
supabase/functions/dc-bland-dispatch/index.ts,199,.update(queuePatch)
supabase/functions/dc-bland-dispatch/index.ts,205,.update({
supabase/functions/dc-bland-dispatch/index.ts,213,.update({
supabase/functions/dc-bland-dispatch/index.ts,224,.update(queuePatch)
supabase/functions/dc-bland-dispatch/index.ts,252,.update(errorPatch)
supabase/functions/dc-bland-dispatch/index.ts,257,.update({
supabase/functions/dc-bland-dispatch/index.ts,265,.update({
supabase/functions/dc-bland-dispatch/index.ts,275,.update(errorPatch)
supabase/functions/dc-bland-dispatch/index.ts,309,await supabase.from('dynasty_call_queue').update({
supabase/functions/dc-bland-dispatch/index.ts,327,await supabase.from('dynasty_call_queue').update({
supabase/functions/dc-bland-dispatch/index.ts,349,await supabase.from('dynasty_call_queue').update({
supabase/functions/dc-bland-dispatch/index.ts,417,await supabase.from('dynasty_call_queue').update({
supabase/functions/dc-bland-dispatch/index.ts,425,await supabase.from('dynasty_ai_calls').insert({
supabase/functions/dc-bland-dispatch/index.ts,483,await supabase.from('dynasty_call_queue').update({
supabase/functions/dc-bland-dispatch/index.ts,497,await supabase.from('dynasty_call_queue').update({
supabase/functions/dc-bland-dispatch/index.ts,518,await supabase.from('dynasty_call_queue').update({
supabase/functions/dc-bland-dispatch/index.ts,568,await supabase.from('dynasty_call_queue').update({
supabase/functions/dc-bland-dispatch/index.ts,572,await supabase.from('dynasty_ai_calls').insert({
supabase/functions/dc-bland-dispatch/index.ts,584,"await supabase.from('dynasty_call_queue').update({ status: 'failed' }).eq('id', lead.id);"
supabase/functions/dc-bland-webhook/index.ts,87,"await supabase.from('dynasty_call_history').update(patch).eq('call_id', callId);"
supabase/functions/dc-bland-webhook/index.ts,89,await supabase.from('dynasty_call_history').insert({
supabase/functions/dc-bland-webhook/index.ts,107,".update({ status: 'calling', called_at: new Date().toISOString() })"
supabase/functions/dc-bland-webhook/index.ts,115,.update({ status: 'in-progress' })
supabase/functions/dc-bland-webhook/index.ts,122,await supabase.from('dynasty_call_transcripts').insert({
supabase/functions/dc-bland-webhook/index.ts,139,.update({
supabase/functions/dc-bland-webhook/index.ts,180,"await supabase.from('dynasty_call_history').update(completionPatch).eq('call_id', callId);"
supabase/functions/dc-bland-webhook/index.ts,182,await supabase.from('dynasty_call_history').insert({
supabase/functions/dc-bland-webhook/index.ts,204,"await supabase.from('dynasty_ai_calls').update(updateData).eq('call_id', callId);"
supabase/functions/dc-bland-webhook/index.ts,207,await supabase.from('dynasty_call_queue').update({
supabase/functions/dc-bland-webhook/index.ts,261,await supabase.from('dynasty_call_analysis').insert({
supabase/functions/dc-bland-webhook/index.ts,283,await supabase.from('dynasty_ai_calls').update({
supabase/functions/dc-bland-webhook/index.ts,308,.update({
supabase/functions/dc-bland-webhook/index.ts,325,await supabase.from('dynasty_lead_pipeline').insert({
supabase/functions/dc-bland-webhook/index.ts,336,await supabase.from('brandaro_close_pipeline').upsert({
supabase/functions/dc-bland-webhook/index.ts,356,await supabase.from('dynasty_objection_library').update({
supabase/functions/dc-bland-webhook/index.ts,361,await supabase.from('dynasty_objection_library').insert({
supabase/functions/dc-bland-webhook/index.ts,606,await supabase.from('re_va_tasks').insert({
supabase/functions/dc-inbound-call/index.ts,120,"supabase.from(""dc_call_logs"").insert({"
supabase/functions/dc-post-call-analysis/index.ts,724,await supabase.from(postProcessPayload.table).insert(postProcessPayload.payload);
supabase/functions/dd-affiliate-track/index.ts,60,.update({ total_clicks: (camp.total_clicks ?? 0) + 1 })
supabase/functions/dd-create-checkout/index.ts,392,"await supabase.from(""marketplace_orders"").delete().eq(""id"", orderId);"
supabase/functions/dd-create-checkout/index.ts,428,.update({ stripe_payment_intent_id: intent.id })
supabase/functions/dd-create-checkout/index.ts,536,.update({
supabase/functions/dd-create-checkout/index.ts,563,.update({
supabase/functions/dd-create-checkout/index.ts,644,".update({ discount_code: result.code, discount_amount: amt })"
supabase/functions/dd-create-checkout/index.ts,700,.update({ stripe_payment_intent_id: session.id })
supabase/functions/dd-generate-partner-payouts/index.ts,124,.update({ pending_balance: newPending })
supabase/functions/dd-generate-po/index.ts,198,".update({ status: ""sent"", sent_at: new Date().toISOString() })"
supabase/functions/dd-grabba-bridge/index.ts,132,".update({ fulfillment_status: ""routed"" })"
supabase/functions/dd-notify-customer-order-update/index.ts,237,.update({
supabase/functions/dd-notify-supplier-order/index.ts,205,".update({ supplier_notified: sent, supplier_notified_at: sent ? new Date().toISOString() : null })"
supabase/functions/dd-notify-supplier-order/index.ts,210,".update({ supplier_notified: true, supplier_notified_at: new Date().toISOString() })"
supabase/functions/dd-pay-partner/index.ts,93,"await supabase.from(""dd_partner_payouts"").update({"
supabase/functions/dd-pay-partner/index.ts,99,"await supabase.from(""dd_partner_profiles"").update({"
supabase/functions/dd-price-intelligence/index.ts,291,.update({ market_updated_at: new Date().toISOString() })
supabase/functions/dd-price-intelligence/index.ts,309,await supabase.from('dd_market_prices').insert(rows);
supabase/functions/dd-price-intelligence/index.ts,320,.update({
supabase/functions/dd-pro-monthly-report/index.ts,105,"await supabase.from(""email_jobs"").insert({"
supabase/functions/dd-refund-order/index.ts,65,.update({
supabase/functions/dd-release-reserves/index.ts,56,"await supabase.from(""dd_reserve_ledger"").update({"
supabase/functions/dd-release-reserves/index.ts,61,"await supabase.from(""dd_split_ledger"").update({"
supabase/functions/dd-stripe-connect-onboard/index.ts,37,".update({ stripe_connect_account_id: accountId }).eq(""id"", partner_id);"
supabase/functions/dd-stripe-connect-status/index.ts,59,.update({
supabase/functions/dd-stripe-connect-webhook/index.ts,39,.update({
supabase/functions/dd-stripe-webhook/index.ts,159,"await supabase.from(""marketplace_orders"").update(updatePayload).eq(""id"", orderId);"
supabase/functions/dd-stripe-webhook/index.ts,373,"await supabase.from(""dd_partner_earnings"").insert(rows);"
supabase/functions/dd-stripe-webhook/index.ts,376,"await supabase.from(""dd_partner_earnings"").insert({"
supabase/functions/dd-stripe-webhook/index.ts,390,.update({
supabase/functions/dd-stripe-webhook/index.ts,400,.update({
supabase/functions/dd-stripe-webhook/index.ts,486,.update({
supabase/functions/dd-stripe-webhook/index.ts,535,.update({
supabase/functions/dd-stripe-webhook/index.ts,578,"await supabase.from(""dd_disputes"").insert({"
supabase/functions/dd-stripe-webhook/index.ts,610,.update({
supabase/functions/dd-subscription-fulfillment/index.ts,134,"await supabase.from(""marketplace_order_items"").insert("
supabase/functions/dd-subscription-fulfillment/index.ts,166,"await supabase.from(""marketplace_orders"").update({ stripe_payment_intent_id: intent.id }).eq(""id"", orderId);"
supabase/functions/dd-subscription-fulfillment/index.ts,179,"await supabase.from(""dd_subscriptions"").update({"
supabase/functions/dd-subscription-fulfillment/index.ts,196,"await supabase.from(""dd_subscriptions"").update({"
supabase/functions/dd-subscription-fulfillment/index.ts,200,"await supabase.from(""marketplace_orders"").update({ payment_status: ""failed"" }).eq(""id"", orderId);"
supabase/functions/dd-subscription-fulfillment/index.ts,209,"await supabase.from(""dd_subscriptions"").update({"
supabase/functions/demo-stripe-webhook/index.ts,263,.update({
supabase/functions/demo-stripe-webhook/index.ts,284,"await supabase.from(""brandaro_message_log"").insert({"
supabase/functions/demo-stripe-webhook/index.ts,333,"await supabase.from(""brandaro_message_log"").insert({"
supabase/functions/detect-number-type/index.ts,73,"await supabase.from('outreach_leads').update(updatePayload).eq('id', lead_id);"
supabase/functions/detect-number-type/index.ts,77,await supabase.from('ai_instinct_log').insert({
supabase/functions/dialer-bridge-agent/index.ts,209,"await supabase.from(""live_call_sessions"").update({"
supabase/functions/dialer-bridge-agent/index.ts,215,"await supabase.from(""dialer_call_attempts"").update({"
supabase/functions/dialer-bridge-agent/index.ts,224,"await supabase.from(""dialer_call_attempts"").insert({"
supabase/functions/dialer-bridge-agent/index.ts,243,"await supabase.from(""dialer_agent_availability"").update({"
supabase/functions/dialer-call-status/index.ts,126,"await supabase.from(""outbound_call_queue"").update(update).eq(""id"", queue_item_id);"
supabase/functions/dialer-call-status/index.ts,148,"await supabase.from(""live_calls"").update(liveUpdate).eq(""call_sid"", callSid);"
supabase/functions/dispatch-campaign-tick/index.ts,128,.update({
supabase/functions/dropship-product-scorer/index.ts,85,"await supabase.from(""ai_scoring_runs"").update({"
supabase/functions/dropship-product-scorer/index.ts,273,"await supabase.from(""ai_scoring_runs"").update({"
supabase/functions/dropship-product-scorer/index.ts,330,"await supabase.from(""ai_scoring_runs"").update({"
supabase/functions/dynasty-agent-runner/index.ts,68,await supabase.from('dynasty_agent_insights').insert({
supabase/functions/dynasty-agent-runner/index.ts,88,".insert({ agent_name: agentName, status: 'running' })"
supabase/functions/dynasty-agent-runner/index.ts,320,await supabase.from('dynasty_agent_runs').update({
supabase/functions/dynasty-agent-runner/index.ts,327,await supabase.from('dynasty_agents').update({
supabase/functions/dynasty-command-brain/index.ts,116,"await supabase.from(""ai_instinct_log"").insert({"
supabase/functions/dynasty-recovery-claimant-intake/index.ts,149,".update({ email_notification_sent: true, email_notification_sent_at: new Date().toISOString() })"
supabase/functions/dynasty-recovery-claimant-intake/index.ts,173,".update({ sms_notification_sent: true, sms_notification_sent_at: new Date().toISOString() })"
supabase/functions/dynasty-recovery-claimant-intake/index.ts,209,.update({
supabase/functions/dynasty-recovery-general-inquiry/index.ts,110,".update({ email_notification_sent: true, email_notification_sent_at: new Date().toISOString() })"
supabase/functions/escalation-handler/index.ts,201,.update({
supabase/functions/escalation-handler/index.ts,209,"await supabase.from(""ai_audit_events"").insert({"
supabase/functions/escalation-handler/index.ts,248,.update({
supabase/functions/escalation-handler/index.ts,266,.update({ handoff_state: 'human_active' })
supabase/functions/escalation-handler/index.ts,292,.update({
supabase/functions/evening-ops-cycle/index.ts,114,await supabase.from('ai_routine_logs').insert({
supabase/functions/evening-ops-cycle/index.ts,190,await supabase.from('ai_recommendations').insert({
supabase/functions/evening-ops-cycle/index.ts,244,await supabase.from('ai_ops_log').insert({
supabase/functions/evening-ops-cycle/index.ts,272,await supabase.from('ai_ops_log').insert({
supabase/functions/execute-playbook/index.ts,82,.insert({
supabase/functions/execute-playbook/index.ts,122,"await supabase.from('outreach_leads').update({ status: 'queued', updated_at: new Date().toISOString() }).eq('id', lead_i"
supabase/functions/execute-playbook/index.ts,128,await supabase.from('ai_work_tasks').insert({
supabase/functions/execute-playbook/index.ts,141,await supabase.from('ai_drift_alerts').insert({
supabase/functions/execute-playbook/index.ts,153,await supabase.from('outreach_calls').insert({
supabase/functions/execute-playbook/index.ts,164,"await supabase.from('outreach_leads').update({ status: cfg.new_status, updated_at: new Date().toISOString() }).eq('id', "
supabase/functions/execute-playbook/index.ts,182,await supabase.from('playbook_executions').update({
supabase/functions/execute-playbook/index.ts,189,await supabase.from('communication_playbooks').update({
supabase/functions/execute-playbook/index.ts,195,await supabase.from('ai_instinct_log').insert({
supabase/functions/executive-decision-engine/index.ts,133,"await supabase.from(""campaign_audit_frames"").insert({"
supabase/functions/executive-decision-engine/index.ts,196,"await supabase.from(""policy_violations"").insert({"
supabase/functions/executive-decision-engine/index.ts,245,"await supabase.from(""campaign_audit_frames"").insert({"
supabase/functions/executive-decision-engine/index.ts,301,"await supabase.from(""campaign_audit_frames"").insert({"
supabase/functions/executive-directive-manager/index.ts,187,.update({ status: 'paused' })
supabase/functions/executive-directive-manager/index.ts,222,.update({ status: 'halted' })
supabase/functions/executive-directive-manager/index.ts,226,"await supabase.from(""executive_memory_artifacts"").insert({"
supabase/functions/executive-policy-manager/index.ts,115,"await supabase.from(""policy_signing_log"").insert({"
supabase/functions/executive-policy-manager/index.ts,175,"await supabase.from(""policy_signing_log"").insert({"
supabase/functions/executive-policy-manager/index.ts,200,"await supabase.from(""policy_signing_log"").insert({"
supabase/functions/executive-policy-manager/index.ts,225,"await supabase.from(""policy_signing_log"").insert({"
supabase/functions/expansion-ai/index.ts,212,"await supabaseClient.from(""expansion_scores"").delete().neq(""id"", ""00000000-0000-0000-0000-000000000000"");"
supabase/functions/expansion-ai/index.ts,215,"await supabaseClient.from(""expansion_scores"").insert(topScores);"
supabase/functions/fetch-experiences/index.ts,53,"await supabase.from(""experience_sync_errors"").insert({"
supabase/functions/fetch-experiences/index.ts,119,"await supabase.from(""experience_sync_errors"").insert({"
supabase/functions/finalize-audit-draft/index.ts,117,"await supabase.from(""invoice_line_items"").insert({"
supabase/functions/finalize-audit-draft/index.ts,148,.delete()
supabase/functions/finalize-audit-draft/index.ts,151,"await supabase.from(""invoices"").delete().eq(""id"", newInvoice.id);"
supabase/functions/finalize-audit-draft/index.ts,156,"await supabase.from(""audit_approvals_log"").insert({"
supabase/functions/finance-signal-scanner/index.ts,137,await supabase.from('owner_mission_activity').insert({
supabase/functions/finance-signal-scanner/index.ts,147,.update({
supabase/functions/finance-signal-scanner/index.ts,193,await supabase.from('owner_mission_activity').insert([
supabase/functions/floor-agent-runner/index.ts,121,"await supabase.from('floor_agents').update({ tokens_used_today: 0, budget_reset_at: today }).eq('id', agent.id);"
supabase/functions/floor-agent-runner/index.ts,131,const { data: run } = await supabase.from('floor_agent_runs').insert({
supabase/functions/floor-agent-runner/index.ts,194,await supabase.from('floor_agents').update({
supabase/functions/floor-agent-runner/index.ts,201,await supabase.from('floor_agent_runs').update({
supabase/functions/floor-agent-runner/index.ts,219,await supabase.from('floor_agent_runs').update({
supabase/functions/follow-up-engine/index.ts,165,await supabase.from('ai_follow_up_log').insert({
supabase/functions/follow-up-engine/index.ts,230,await supabase.from('ai_follow_up_log').insert({
supabase/functions/follow-up-engine/index.ts,292,await supabase.from('ai_follow_up_log').insert({
supabase/functions/follow-up-engine/index.ts,353,await supabase.from('ai_follow_up_log').insert({
supabase/functions/followup-execution-worker/index.ts,52,".update({ status: ""failed"" })"
supabase/functions/followup-execution-worker/index.ts,89,".update({ status: ""completed"", notes: ""All targets processed"" })"
supabase/functions/followup-execution-worker/index.ts,102,.update({
supabase/functions/followup-execution-worker/index.ts,269,".update({ status: ""skipped"", last_error: ""No phone"", updated_at: new Date().toISOString() })"
supabase/functions/followup-execution-worker/index.ts,311,"await supabase.from(""live_calls"").insert({"
supabase/functions/followup-execution-worker/index.ts,329,".update({ status: ""failed"", last_error: qErr.message, attempt_count: target.attempt_count + 1, updated_at: new Date().to"
supabase/functions/followup-execution-worker/index.ts,335,".update({ status: ""queued"", attempt_count: target.attempt_count + 1, updated_at: new Date().toISOString() })"
supabase/functions/followup-execution-worker/index.ts,366,.update({
supabase/functions/funding-plaid/index.ts,120,"await supabase.from(""funding_plaid_transactions"").insert(rows);"
supabase/functions/funding-plaid/index.ts,137,.update({
supabase/functions/funding-plaid/index.ts,148,.update({ last_synced_at: new Date().toISOString() })
supabase/functions/gasmask-dnc-smoke/index.ts,29,await supabase.from('dnc_list').delete().or(
supabase/functions/gasmask-dnc-smoke/index.ts,108,await supabase.from('dnc_list').delete().or(
supabase/functions/gasmask-missed-call-handler/index.ts,133,"await supabase.from(""communication_logs"").insert({"
supabase/functions/gasmask-opportunity-sync/index.ts,49,.insert(payload)
supabase/functions/gasmask-order-receipt/index.ts,104,"await supabase.from(""store_signup_tokens"").insert({"
supabase/functions/gasmask-order-receipt/index.ts,133,"await supabase.from(""communication_logs"").insert({"
supabase/functions/gasmask-route-agent/index.ts,116,.update({
supabase/functions/gasmask-route-agent/index.ts,414,.update({
supabase/functions/gasmask-route-agent/index.ts,425,.update({ route_position: i + 1 })
supabase/functions/gasmask-sms-inbound/index.ts,106,"await supabase.from(""communication_messages"").insert({"
supabase/functions/gasmask-sms-inbound/index.ts,189,"await supabase.from(""gasmask_visit_triggers"").insert({"
supabase/functions/gasmask-voicemail-complete/index.ts,49,"await supabase.from(""voicemails"").insert({"
supabase/functions/gasmask-voicemail-transcription/index.ts,50,".update({ transcription: text || null, transcription_status: status || ""completed"" })"
supabase/functions/gdrive-backup/index.ts,576,"await supabase.from(""health_checks"").update({"
supabase/functions/generate-canva-asset/index.ts,62,.insert({
supabase/functions/generate-canva-asset/index.ts,127,".update({ status: 'failed', metadata: { ...context, canva_error: errText } })"
supabase/functions/generate-canva-asset/index.ts,163,"await supabase.from('generated_assets').update({ status: 'failed' }).eq('id', assetRecord!.id);"
supabase/functions/generate-canva-asset/index.ts,202,await supabase.from('generated_assets').update({
supabase/functions/generate-canva-asset/index.ts,211,await supabase.from('ai_instinct_log').insert({
supabase/functions/generate-daily-ops-report/index.ts,175,"await supabase.from(""daily_ops_reports"").upsert({"
supabase/functions/generate-deletion-letter/index.ts,373,".update({ generated_letter: letter, generated_at: new Date().toISOString(), letter_status: ""ready_to_send"" })"
supabase/functions/generate-live-response/index.ts,235,"await supabase.from(""brandaro_va_lead_heat"").update({"
supabase/functions/generate-live-response/index.ts,247,"await supabase.from(""brandaro_va_alerts"").insert({"
supabase/functions/generate-ut-ambassador-insights/index.ts,116,"await supabase.from(""unforgettable_ambassadors"").update({"
supabase/functions/generate-ut-ambassador-insights/index.ts,128,"await supabase.from(""ut_ambassador_insights"").insert(insights);"
supabase/functions/generate-visit-checklist/index.ts,278,.update({ ai_recommendation: checklist.visit_objective })
supabase/functions/get-todays-games/index.ts,46,"try { await supabase.from('api_fetch_logs').insert({ source: 'odds_api', status_code: oddsStatus, error_message: oddsErr"
supabase/functions/get-todays-games/index.ts,49,"try { await supabase.from('api_fetch_logs').insert({ source: 'odds_api', status_code: 0, error_message: oddsError, games"
supabase/functions/get-todays-games/index.ts,65,"try { await supabase.from('api_fetch_logs').insert({ source: 'sportsdata', status_code: sdioStatus, error_message: sdioE"
supabase/functions/get-todays-games/index.ts,68,"try { await supabase.from('api_fetch_logs').insert({ source: 'sportsdata', status_code: 0, error_message: sdioError, gam"
supabase/functions/get-todays-games/index.ts,146,await supabase.from('sbo_games').update({
supabase/functions/get-todays-games/index.ts,153,const { data: newGame } = await supabase.from('sbo_games').insert({
supabase/functions/get-todays-games/index.ts,171,.delete()
supabase/functions/get-todays-games/index.ts,176,await supabase.from('sbo_odds').insert({
supabase/functions/governed-outbound-call/index.ts,273,"await supabase.from(""execution_gate_log"").insert({"
supabase/functions/governed-outbound-call/index.ts,373,.upsert({
supabase/functions/grant-auto-apply/index.ts,123,".update({ application_status: ""package_ready"" })"
supabase/functions/grant-auto-apply/index.ts,299,".update({ application_status: ""package_ready"" })"
supabase/functions/import-cleaned-data/index.ts,65,.update(transformedRow)
supabase/functions/import-cleaned-data/index.ts,69,await supabase.from(target_table).insert(transformedRow);
supabase/functions/import-cleaned-data/index.ts,86,.update(transformedRow)
supabase/functions/import-cleaned-data/index.ts,95,await supabase.from(target_table).insert(transformedRow);
supabase/functions/import-cleaned-data/index.ts,109,.update({
supabase/functions/import-cleaned-data/index.ts,120,.update({
supabase/functions/incident-drill-runner/index.ts,30,await supabase.from('ai_audit_events').insert({
supabase/functions/incident-drill-runner/index.ts,60,await supabase.from('ai_audit_events').insert({
supabase/functions/incident-drill-runner/index.ts,90,await supabase.from('ai_audit_events').insert({
supabase/functions/incident-drill-runner/index.ts,120,await supabase.from('ai_audit_events').insert({
supabase/functions/incident-drill-runner/index.ts,150,await supabase.from('ai_audit_events').insert({
supabase/functions/incident-drill-runner/index.ts,180,await supabase.from('ai_audit_events').insert({
supabase/functions/incident-drill-runner/index.ts,340,.update({
supabase/functions/incident-simulator/index.ts,330,.insert({
supabase/functions/incident-simulator/index.ts,343,.update({
supabase/functions/ingest-google-places/index.ts,317,.update({
supabase/functions/ingest-google-places/index.ts,451,.update({
supabase/functions/ingest-openstreetmap/index.ts,152,await supabase.from('neighborhoods').update({
supabase/functions/ingest-openstreetmap/index.ts,168,.update({ ingestion_status: 'ingesting' })
supabase/functions/ingest-openstreetmap/index.ts,208,await supabase.from('neighborhoods').update({
supabase/functions/ingest-openstreetmap/index.ts,243,await supabase.from('neighborhoods').update({
supabase/functions/ingest-openstreetmap/index.ts,299,await supabase.from('neighborhoods').update({
supabase/functions/ingest-personality/index.ts,113,"await supabase.from(""brandaro_personality_scripts"").insert(scripts);"
supabase/functions/ingest-personality/index.ts,117,"await supabase.from(""brandaro_strategy_frameworks"").upsert({"
supabase/functions/ingest-personality/index.ts,205,"await supabase.from(""brandaro_personality_scripts"").insert(scripts);"
supabase/functions/ingest-personality/index.ts,292,"await supabase.from(""brandaro_personality_scripts"").insert(["
supabase/functions/ingest-yelp/index.ts,219,"await supabase.from(""neighborhoods"").update({ bbox, city: hoodCity, state: hoodState }).eq(""id"", hood.id);"
supabase/functions/ingest-yelp/index.ts,236,"await supabase.from(""neighborhoods"").update({ ingestion_status: ""ingesting"" }).in(""id"", neighborhood_ids);"
supabase/functions/ingest-yelp/index.ts,278,".update({ ingestion_status: ""failed"", ingestion_stats: { error: result.error } })"
supabase/functions/ingest-yelp/index.ts,317,".update({ ingestion_status: ""failed"", ingestion_stats: { error: result.error } })"
supabase/functions/ingest-yelp/index.ts,382,.update({
supabase/functions/ingest-yelp/index.ts,481,"await supabase.from(""territory_activity_log"").insert({"
supabase/functions/ingestion-enrich-phones/index.ts,54,.update({
supabase/functions/intent-classifier/index.ts,83,.update({ engagement_score: result.score })
supabase/functions/intent-extraction/index.ts,240,.update({
supabase/functions/intent-extraction/index.ts,259,.insert({
supabase/functions/intent-extraction/index.ts,287,.update({
supabase/functions/investor-matcher/index.ts,74,.insert([{
supabase/functions/lender-matching-engine/index.ts,229,"await supabase.from(""client_notes"").insert({"
supabase/functions/make-grant-webhook/index.ts,113,await supabase.from('make_automation_log').insert({
supabase/functions/margin-deviation-scanner/index.ts,234,await supabase.from('owner_mission_activity').insert({
supabase/functions/margin-deviation-scanner/index.ts,243,.update({
supabase/functions/margin-deviation-scanner/index.ts,290,await supabase.from('owner_mission_activity').insert([
supabase/functions/messaging-launch/index.ts,118,"await supabase.from(""messaging_campaigns"").update({ status: ""completed"", total_targets: 0, updated_at: new Date().toISOS"
supabase/functions/messaging-send-worker/index.ts,56,"await supabase.from(""messaging_campaigns"").update({"
supabase/functions/messaging-send-worker/index.ts,80,"await supabase.from(""messaging_targets"").update({ status: ""failed"" }).eq(""id"", target.id);"
supabase/functions/messaging-send-worker/index.ts,87,"await supabase.from(""messaging_targets"").update({ status: ""failed"" }).eq(""id"", target.id);"
supabase/functions/messaging-send-worker/index.ts,115,"await supabase.from(""messaging_targets"").update({"
supabase/functions/messaging-send-worker/index.ts,121,"await supabase.from(""messaging_messages"").insert({"
supabase/functions/messaging-send-worker/index.ts,145,"await supabase.from(""messaging_targets"").update({ status: ""failed"" }).eq(""id"", target.id);"
supabase/functions/messaging-send-worker/index.ts,151,"await supabase.from(""messaging_campaigns"").update({"
supabase/functions/meta-ai-supervisor/index.ts,157,await supabase.from('ai_system_health').insert({
supabase/functions/meta-ai-supervisor/index.ts,210,await supabase.from('ai_recommendations').insert(recommendations);
supabase/functions/midday-monitor-cycle/index.ts,76,".update({ risk_score: newScore, risk_level: newLevel })"
supabase/functions/midday-monitor-cycle/index.ts,115,await supabase.from('ai_risk_insights').insert({
supabase/functions/midday-monitor-cycle/index.ts,160,await supabase.from('ai_risk_insights').insert({
supabase/functions/midday-monitor-cycle/index.ts,240,await supabase.from('ai_ops_log').insert({
supabase/functions/midday-monitor-cycle/index.ts,268,await supabase.from('ai_ops_log').insert({
supabase/functions/missions-engine/index.ts,101,.update(updateData)
supabase/functions/missions-engine/index.ts,125,.update({
supabase/functions/missions-engine/index.ts,135,.insert({
supabase/functions/missions-engine/index.ts,148,.insert({
supabase/functions/missions-engine/index.ts,184,.update({
supabase/functions/monitor-ut-ambassador-pipeline/index.ts,92,.update({ status: heal.to })
supabase/functions/monitor-ut-ambassador-pipeline/index.ts,200,"await supabase.from(""system_operation_logs"").insert({"
supabase/functions/monitor-ut-ambassador-pipeline/index.ts,229,"await supabase.from(""system_operation_logs"").insert({"
supabase/functions/morning-ops-cycle/index.ts,112,await supabase.from('ai_routine_logs').insert({
supabase/functions/morning-ops-cycle/index.ts,201,await supabase.from('ai_recommendations').insert({
supabase/functions/morning-ops-cycle/index.ts,318,await supabase.from('ai_ops_log').insert({
supabase/functions/morning-ops-cycle/index.ts,347,await supabase.from('ai_ops_log').insert({
supabase/functions/nba-stats-engine/index.ts,386,.delete()
supabase/functions/nba-stats-engine/index.ts,404,"await supabase.from(""nba_stats_refresh_log"").update({"
supabase/functions/nba-stats-engine/index.ts,553,"await supabase.from(""nba_team_stats"").upsert(team, { onConflict: ""team_abbr"" });"
supabase/functions/nba-stats-engine/index.ts,558,"await supabase.from(""nba_player_stats"").upsert(player, { onConflict: ""player_id"" });"
supabase/functions/nba-stats-engine/index.ts,562,"await supabase.from(""nba_games_today"").delete().eq(""game_date"", today);"
supabase/functions/nba-stats-engine/index.ts,564,"await supabase.from(""nba_games_today"").insert(game);"
supabase/functions/nba-stats-engine/index.ts,569,"await supabase.from(""nba_stats_refresh_log"").update({"
supabase/functions/nba-stats-engine/index.ts,591,"await supabase.from(""nba_stats_refresh_log"").update({"
supabase/functions/nba-stats-engine/index.ts,1286,"await supabase.from(""nba_props_generated"").delete().eq(""game_date"", today);"
supabase/functions/nba-stats-engine/index.ts,1507,.update({ props_generated: propsGenerated.length })
supabase/functions/neighborhood-lockdown-engine/index.ts,43,".update({ status: ""cancelled"", completion_notes: ""Lockdown cleared"" })"
supabase/functions/neighborhood-lockdown-engine/index.ts,47,.update({ cleared_at: new Date().toISOString() })
supabase/functions/neighborhood-lockdown-engine/index.ts,69,.upsert({
supabase/functions/objection-handler/index.ts,72,"await supabase.from(""brandaro_pending_messages"").insert(["
supabase/functions/opening-corridor/index.ts,133,.update({ corridor_id: corridor.id })
supabase/functions/opening-corridor/index.ts,159,.update({
supabase/functions/opening-corridor/index.ts,212,.update({
supabase/functions/opening-corridor/index.ts,222,"await supabase.from(""behavior_violation_log"").insert({"
supabase/functions/opening-corridor/index.ts,282,"await supabase.from(""call_disclosure_log"").insert({"
supabase/functions/opening-corridor/index.ts,294,.update({ disclosure_completed: true })
supabase/functions/opening-corridor/index.ts,335,.update({
supabase/functions/opening-corridor/index.ts,412,.update({
supabase/functions/opening-corridor/index.ts,426,.update({
supabase/functions/opening-corridor/index.ts,471,.update({
supabase/functions/opening-corridor/index.ts,505,"await supabase.from(""behavior_violation_log"").insert({"
supabase/functions/opening-corridor/index.ts,538,.update({
supabase/functions/opening-corridor/index.ts,553,.update({ corridor_passed: true })
supabase/functions/opening-corridor/index.ts,600,.update({
supabase/functions/opening-corridor/index.ts,613,"await supabase.from(""behavior_violation_log"").insert({"
supabase/functions/opening-corridor/index.ts,638,.update({
supabase/functions/opening-corridor/index.ts,670,"await supabase.from(""behavior_violation_log"").insert({"
supabase/functions/opening-corridor/index.ts,682,.update({
supabase/functions/optimize-assignment-fee-ai/index.ts,103,.update({ assignment_fee: optimization.recommended_fee })
supabase/functions/optimize-routes/index.ts,426,"await supabase.from('routes').delete().eq('id', newRoute.id);"
supabase/functions/optimize-ut-ambassador-performance/index.ts,298,"await supabase.from(""system_operation_logs"").insert({"
supabase/functions/outbound-call-authority/index.ts,63,.update({
supabase/functions/outbound-call-authority/index.ts,101,.upsert({
supabase/functions/outbound-call-authority/index.ts,135,.update(updates)
supabase/functions/outbound-campaign-manager/index.ts,123,.insert({
supabase/functions/outbound-campaign-manager/index.ts,300,.update({
supabase/functions/outscraper-webhook/index.ts,44,".update({ status: ""completed"", total_received: 0, completed_at: new Date().toISOString() })"
supabase/functions/outscraper-webhook/index.ts,114,"const { data: cleanInserted } = await supabase.from(""brandaro_clean_leads"").insert(cleanRows).select();"
supabase/functions/outscraper-webhook/index.ts,140,"const { data: qualInserted } = await supabase.from(""brandaro_qualified_leads"").insert(qualifiedRows).select(""id, priorit"
supabase/functions/outscraper-webhook/index.ts,151,"await supabase.from(""brandaro_call_queue"").insert(queueRows);"
supabase/functions/outscraper-webhook/index.ts,186,.update({
supabase/functions/outscraper-webhook/index.ts,197,"await supabase.from(""brandaro_lead_jobs"").insert({"
supabase/functions/outscraper-webhook/index.ts,230,".update({ status: ""failed"", error_message: err.message, completed_at: new Date().toISOString() })"
supabase/functions/payout-processor/index.ts,197,"await supabase.from(""payout_attempts"").insert({"
supabase/functions/payout-processor/index.ts,230,".update({ status: ""succeeded"", provider_response: transferData })"
supabase/functions/payout-processor/index.ts,245,.update({
supabase/functions/place-outbound-call/index.ts,199,"await supabase.from(""admin_audit_log"").insert({"
supabase/functions/place-outbound-call/index.ts,347,.update({
supabase/functions/place-outbound-call/index.ts,383,"await supabase.from(""admin_audit_log"").insert({"
supabase/functions/predictive-dialer-engine/index.ts,65,.insert({
supabase/functions/predictive-dialer-engine/index.ts,90,.update({
supabase/functions/predictive-dialer-engine/index.ts,109,.update({
supabase/functions/predictive-dialer-engine/index.ts,160,"await supabase.from(""dialer_intelligence_deltas"").insert({"
supabase/functions/predictive-dialer-engine/index.ts,222,.update({
supabase/functions/predictive-dialer-engine/index.ts,252,.update({
supabase/functions/predictive-dialer-engine/index.ts,372,".update({ locked_until: lockUntil, locked_by: ""predictive-engine"", updated_at: new Date().toISOString() })"
supabase/functions/predictive-dialer-engine/index.ts,377,".insert({ business_id, locked_until: lockUntil, locked_by: ""predictive-engine"" });"
supabase/functions/predictive-dialer-engine/index.ts,457,"await supabase.from(""dialer_global_limits"").update({"
supabase/functions/predictive-dialer-engine/index.ts,508,"await supabase.from(""dialer_campaigns"").update({"
supabase/functions/predictive-dialer-engine/index.ts,714,"await supabase.from(""dialer_campaigns"").update({"
supabase/functions/predictive-dialer-engine/index.ts,821,".update({ weight: 3.0, updated_at: new Date().toISOString() })"
supabase/functions/predictive-dialer-engine/index.ts,828,".update({ weight: 0.3, updated_at: new Date().toISOString() })"
supabase/functions/predictive-dialer-engine/index.ts,918,".update({ status: ""available"", updated_at: new Date().toISOString() })"
supabase/functions/predictive-dialer-engine/index.ts,1051,"await supabase.from(""outbound_call_queue"").update({"
supabase/functions/predictive-dialer-engine/index.ts,1082,"await supabase.from(""outbound_call_queue"").update({ answered_at: new Date().toISOString() }).eq(""id"", item.id);"
supabase/functions/predictive-dialer-engine/index.ts,1155,"await supabase.from(""dialer_agent_availability"").update({"
supabase/functions/predictive-dialer-engine/index.ts,1170,"await supabase.from(""dialer_agent_availability"").update({"
supabase/functions/predictive-dialer-engine/index.ts,1189,"await supabase.from(""outbound_call_queue"").update({"
supabase/functions/predictive-dialer-engine/index.ts,1196,"await supabase.from(""outbound_call_queue"").update({"
supabase/functions/predictive-dialer-engine/index.ts,1212,"await supabase.from(""store_hourly_answer_stats"").update({"
supabase/functions/predictive-dialer-engine/index.ts,1219,"await supabase.from(""store_hourly_answer_stats"").insert({"
supabase/functions/predictive-dialer-engine/index.ts,1244,"await supabase.from(""dialer_campaigns"").update({"
supabase/functions/predictive-dialer-engine/index.ts,1327,".update({ locked_until: new Date().toISOString(), updated_at: new Date().toISOString() })"
supabase/functions/predictive-dialer-engine/index.ts,1341,"await supabase.from(""dialer_engine_cycle_logs"").insert({"
supabase/functions/process-automation/index.ts,86,.update({
supabase/functions/process-automation/index.ts,122,.update({
supabase/functions/process-automation/index.ts,138,.update({
supabase/functions/process-incoming-message/index.ts,157,.update({ last_contact_date: new Date().toISOString() })
supabase/functions/process-notification-queue/index.ts,196,".update({ sent_status: ""failed"", retry_count: event.retry_count + 1 })"
supabase/functions/process-notification-queue/index.ts,224,".update({ sent_status: ""sent"", sent_at: new Date().toISOString() })"
supabase/functions/process-notification-queue/index.ts,235,".update({ sent_status: newStatus, retry_count: newRetry })"
supabase/functions/production-supply-predict/index.ts,224,.delete()
supabase/functions/promote-leads/index.ts,140,.update({
supabase/functions/promote-leads/index.ts,187,".update({ promoted_at: flagNow, promoted_to_lead_id: null })"
supabase/functions/promotion-gate/index.ts,125,.update({ status: newStatus })
supabase/functions/promotion-gate/index.ts,218,".update({ status: 'approved', is_immutable: true })"
supabase/functions/promotion-gate/index.ts,316,.update({ status: 'promoted' })
supabase/functions/promotion-gate/index.ts,322,.insert({
supabase/functions/promotion-gate/index.ts,375,.update({ status: 'rolled_back' })
supabase/functions/promotion-gate/index.ts,381,.insert({
supabase/functions/promotion-sandbox/index.ts,48,.update({ status: 'simulating' })
supabase/functions/promotion-sandbox/index.ts,100,.update({ status: newStatus })
supabase/functions/promotion-watch/index.ts,54,.update({
supabase/functions/promotion-watch/index.ts,63,.insert({
supabase/functions/promotion-watch/index.ts,86,.update({ watch_mode_until: extendedUntil.toISOString() })
supabase/functions/promotion-watch/index.ts,91,.insert({
supabase/functions/promotion-watch/index.ts,119,.update({
supabase/functions/promotion-watch/index.ts,129,.update({ status: 'rolled_back' })
supabase/functions/promotion-watch/index.ts,134,.insert({
supabase/functions/promotion-watch/index.ts,154,.insert({
supabase/functions/promotion-watch/index.ts,174,.insert({
supabase/functions/public-view-security-probe/index.ts,170,".update({ details: { ...((hc?.details as any) ?? {}), last_alert_at: new Date().toISOString() } })"
supabase/functions/public-view-security-probe/index.ts,208,"await supabase.from(""public_view_security_probes"").insert({"
supabase/functions/public-view-security-probe/index.ts,218,.update({
supabase/functions/public-view-security-probe/index.ts,245,".update({ last_run_at: startedAt, last_status: ""red"", last_message: `probe error: ${msg}` })"
supabase/functions/re-buyer-blast/index.ts,95,await supabase.from('re_buyer_blast_log').insert({
supabase/functions/re-buyer-blast/index.ts,114,await supabase.from('re_buyer_blast_log').insert({
supabase/functions/re-docusign-webhook/index.ts,51,await supabase.from('re_leads').update({
supabase/functions/re-docusign-webhook/index.ts,61,const { data: deal } = await supabase.from('re_deals').insert({
supabase/functions/re-docusign-webhook/index.ts,112,await supabase.from('re_deals').update({
supabase/functions/re-generate-deal-sheet/index.ts,144,await supabase.from('re_deals').update({
supabase/functions/re-intake-webhook/index.ts,254,"await supabase.from(""re_automation_log"").insert({"
supabase/functions/re-intake-webhook/index.ts,324,"await supabase.from(""re_automation_log"").insert({"
supabase/functions/re-intake-webhook/index.ts,355,"await supabase.from(""re_automation_log"").insert({"
supabase/functions/re-lead-import/index.ts,50,const { data: logEntry } = await supabase.from('re_automation_log').insert({
supabase/functions/re-lead-import/index.ts,173,await supabase.from('re_automation_log').update({
supabase/functions/re-lead-import/index.ts,198,await supabase.from('re_automation_log').update({
supabase/functions/re-post-call-analysis/index.ts,91,"await supabase.from('re_leads').update(update).eq('id', lead_id);"
supabase/functions/re-post-call-analysis/index.ts,93,await supabase.from('re_va_tasks').insert(wouldInsertTask);
supabase/functions/re-queue-dc-campaign/index.ts,16,const { data: logEntry } = await supabase.from('re_automation_log').insert({
supabase/functions/re-queue-dc-campaign/index.ts,34,await supabase.from('re_automation_log').update({
supabase/functions/re-queue-dc-campaign/index.ts,44,const { data: campaign } = await supabase.from('dialer_campaigns').insert({
supabase/functions/re-queue-dc-campaign/index.ts,74,await supabase.from('dc_leads').insert(dcLeads);
supabase/functions/re-queue-dc-campaign/index.ts,79,.update({ status: 'called' })
supabase/functions/re-queue-dc-campaign/index.ts,82,await supabase.from('re_automation_log').update({
supabase/functions/re-queue-dc-campaign/index.ts,95,await supabase.from('re_automation_log').update({
supabase/functions/re-send-assignment-agreement/index.ts,104,await supabase.from('re_deals').update({
supabase/functions/re-send-purchase-contract/index.ts,95,await supabase.from('re_leads').update({
supabase/functions/re-skip-trace/index.ts,27,const { data: logEntry } = await supabase.from('re_automation_log').insert({
supabase/functions/re-skip-trace/index.ts,88,await supabase.from('re_leads').update({
supabase/functions/re-skip-trace/index.ts,100,await supabase.from('re_leads').update({
supabase/functions/re-skip-trace/index.ts,105,await supabase.from('re_leads').update({
supabase/functions/re-skip-trace/index.ts,110,await supabase.from('re_leads').update({
supabase/functions/re-skip-trace/index.ts,123,await supabase.from('re_automation_log').update({
supabase/functions/re-skip-trace/index.ts,150,await supabase.from('re_automation_log').update({
supabase/functions/realtime-kill-switch/index.ts,170,.update({
supabase/functions/realtime-kill-switch/index.ts,189,.update({
supabase/functions/realtime-kill-switch/index.ts,208,.update({
supabase/functions/realtime-kill-switch/index.ts,225,"await supabase.from(""ai_audit_events"").insert({"
supabase/functions/realtime-kill-switch/index.ts,264,.update({
supabase/functions/receive-public-booking/index.ts,76,await supabase.from('tt_notifications_log').insert({
supabase/functions/receive-public-booking/index.ts,86,await supabase.from('tt_dispatches').insert({
supabase/functions/receive-public-booking/index.ts,91,await supabase.from('tt_notifications_log').insert({
supabase/functions/reconcile-audit-batch/index.ts,94,.delete()
supabase/functions/relationship-agent/index.ts,594,await supabase.from('communication_drafts').insert({
supabase/functions/relationship-agent/index.ts,717,"await supabase.from('stores').update({ ai_paused: true }).eq('id', store_id);"
supabase/functions/relationship-agent/index.ts,730,await supabase.from('communication_drafts').insert({
supabase/functions/relationship-agent/index.ts,834,await supabase.from('dynasty_agent_insights').insert({
supabase/functions/revenue-engine-v2/index.ts,147,"await supabase.from('product_revenue_metrics').upsert(metricData, {"
supabase/functions/revenue-engine-v2/index.ts,270,"await supabase.from('store_product_predictions').upsert(predictionData, {"
supabase/functions/revenue-engine-v2/index.ts,311,await supabase.from('product_deal_recommendations').insert(dealData);
supabase/functions/revenue-engine-v2/index.ts,328,await supabase.from('product_deal_recommendations').insert(dealData);
supabase/functions/revenue-engine-v2/index.ts,345,await supabase.from('product_deal_recommendations').insert(dealData);
supabase/functions/revenue-engine/index.ts,317,.insert(recData)
supabase/functions/revenue-engine/index.ts,362,.insert(followUpData)
supabase/functions/revenue-engine/index.ts,369,".update({ synced_to_followup: true, followup_id: followUp.id })"
supabase/functions/route-optimizer-engine/index.ts,96,.update({ visit_risk_level: update.visit_risk_level })
supabase/functions/route-optimizer-engine/index.ts,151,.update({
supabase/functions/route-optimizer-engine/index.ts,162,.insert({
supabase/functions/route-optimizer-engine/index.ts,209,.insert({
supabase/functions/route-optimizer-engine/index.ts,229,.insert({
supabase/functions/run-note-cleaner/index.ts,109,.update({
supabase/functions/run-note-cleaner/index.ts,137,.update({ current_record: note.id })
supabase/functions/run-note-cleaner/index.ts,177,.update({
supabase/functions/run-note-cleaner/index.ts,195,.update({
supabase/functions/run-note-cleaner/index.ts,212,".update({ cleaning_status: ""failed"" })"
supabase/functions/run-note-cleaner/index.ts,226,.update({
supabase/functions/run-ut-ambassador-pipeline-test/index.ts,87,".update({ status: ""pending"" })"
supabase/functions/run-ut-ambassador-pipeline-test/index.ts,161,.delete()
supabase/functions/sbo-analyze-model/index.ts,197,"await supabase.from('sbo_model_performance').update({ is_active: false }).eq('is_active', true);"
supabase/functions/sbo-analyze-model/index.ts,199,await supabase.from('sbo_model_performance').insert({
supabase/functions/sbo-analyze-model/index.ts,218,await supabase.from('sbo_weight_history').insert({
supabase/functions/sbo-auto-bet/index.ts,40,".insert({ user_id: user.id, bankroll: body.bankroll || 1000 })"
supabase/functions/sbo-auto-bet/index.ts,150,"await supabase.from(""sbo_bet_log"").insert(betsToPlace);"
supabase/functions/sbo-auto-bet/index.ts,154,.update({
supabase/functions/sbo-auto-bet/index.ts,222,".update({ result, profit, settled_at: new Date().toISOString() })"
supabase/functions/sbo-auto-bet/index.ts,240,"await supabase.from(""sbo_strategy_performance"").update({"
supabase/functions/sbo-auto-bet/index.ts,247,"await supabase.from(""sbo_strategy_performance"").insert({"
supabase/functions/sbo-auto-bet/index.ts,259,"await supabase.from(""sbo_betting_wallet"").update({"
supabase/functions/sbo-auto-bet/index.ts,300,"await supabase.from(""sbo_daily_report"").upsert({"
supabase/functions/sbo-auto-bet/index.ts,357,"await supabase.from(""sbo_strategy_performance"").update({ current_weight: Math.round(weight * 100) / 100 }).eq(""id"", stra"
supabase/functions/sbo-auto-capper/index.ts,190,".update({ last_active: new Date().toISOString(), updated_at: new Date().toISOString() })"
supabase/functions/sbo-auto-capper/index.ts,254,".update({ last_active: new Date().toISOString(), updated_at: new Date().toISOString() })"
supabase/functions/sbo-auto-capper/index.ts,327,".update({ last_active: new Date().toISOString(), updated_at: new Date().toISOString() })"
supabase/functions/sbo-auto-capper/index.ts,439,.update({
supabase/functions/sbo-build-parlays/index.ts,329,.insert({
supabase/functions/sbo-cache-player-images/index.ts,62,.update({
supabase/functions/sbo-collect-stats/index.ts,26,const { data: logEntry } = await supabase.from('sbo_function_logs').insert({
supabase/functions/sbo-collect-stats/index.ts,46,"if (logId) await supabase.from('sbo_function_logs').update({ status: 'completed', records_processed: 0, duration_ms: Dat"
supabase/functions/sbo-collect-stats/index.ts,141,if (logId) await supabase.from('sbo_function_logs').update({
supabase/functions/sbo-collect-stats/index.ts,161,if (logId) await supabase.from('sbo_function_logs').update({
supabase/functions/sbo-compare-odds/index.ts,69,await supabase.from('sbo_odds_comparison').insert({
supabase/functions/sbo-compare-odds/index.ts,102,await supabase.from('sbo_odds_comparison').insert({
supabase/functions/sbo-consensus-engine/index.ts,84,await supabase.from('sbo_capper_performance').upsert({
supabase/functions/sbo-consensus-engine/index.ts,209,await supabase.from('props_master').update({
supabase/functions/sbo-daily-automation/index.ts,260,.update({ last_sent_at: new Date().toISOString() })
supabase/functions/sbo-daily-automation/index.ts,332,.update({
supabase/functions/sbo-daily-automation/index.ts,383,await supabase.from('sbo_bankroll').upsert({
supabase/functions/sbo-day-engine/index.ts,281,.insert({
supabase/functions/sbo-day-engine/index.ts,323,await supabase.from('sbo_api_costs').insert({
supabase/functions/sbo-day-engine/index.ts,721,.update({
supabase/functions/sbo-day-engine/index.ts,787,.update({
supabase/functions/sbo-expand-stat-context/index.ts,39,const { data: logEntry } = await supabase.from('sbo_function_logs').insert({
supabase/functions/sbo-expand-stat-context/index.ts,148,if (logId) await supabase.from('sbo_function_logs').update({
supabase/functions/sbo-expand-stat-context/index.ts,164,if (logId) await supabase.from('sbo_function_logs').update({
supabase/functions/sbo-external-results/index.ts,586,"await supabase.from('sbo_external_match_logs').insert(matchLogs.slice(i, i + 50));"
supabase/functions/sbo-external-results/index.ts,646,await supabase.from('sbo_cappers').update({
supabase/functions/sbo-external-results/index.ts,659,await supabase.from('sbo_capper_roi').upsert({
supabase/functions/sbo-external-results/index.ts,688,const { data: logEntry } = await supabase.from('sbo_backfill_log').insert({
supabase/functions/sbo-external-results/index.ts,751,await supabase.from('sbo_backfill_log').update({
supabase/functions/sbo-fetch-intelligence/index.ts,175,.update({
supabase/functions/sbo-fetch-intelligence/index.ts,250,"await supabase.from('sbo_game_intelligence').update(intel).eq('id', existing.id);"
supabase/functions/sbo-fetch-intelligence/index.ts,252,await supabase.from('sbo_game_intelligence').insert(intel);
supabase/functions/sbo-fetch-odds/index.ts,272,await supabase.from('sbo_odds').insert(oddsData);
supabase/functions/sbo-fetch-odds/index.ts,343,await supabase.from('ai_instinct_log').insert({
supabase/functions/sbo-generate-daily-briefing/index.ts,215,.upsert({
supabase/functions/sbo-generate-daily-briefing/index.ts,258,await supabase.from('sbo_parlay_payouts').insert({
supabase/functions/sbo-inbound-sms/index.ts,29,await supabase.from('sbo_sms_log').insert({
supabase/functions/sbo-inbound-sms/index.ts,138,.insert({
supabase/functions/sbo-inbound-sms/index.ts,164,await supabase.from('sbo_sms_log').insert({
supabase/functions/sbo-inbound-sms/index.ts,202,.update({
supabase/functions/sbo-inbound-sms/index.ts,347,await supabase.from('sbo_bankroll').upsert({
supabase/functions/sbo-ingest-book-props/index.ts,219,await supabase.from('sbo_sync_log').insert({
supabase/functions/sbo-market-performance/index.ts,67,"await supabase.from(""sbo_market_performance"").upsert({"
supabase/functions/sbo-match-capper-picks/index.ts,384,.update({ matched_prop_id: l.propId })
supabase/functions/sbo-match-capper-picks/index.ts,391,"await supabase.from('sbo_external_match_logs').insert(matchLogs.slice(i, i + 200));"
supabase/functions/sbo-match-capper-picks/index.ts,489,await supabase.from('sbo_cappers').update({
supabase/functions/sbo-match-capper-picks/index.ts,511,await supabase.from('sbo_capper_performance').upsert({
supabase/functions/sbo-match-capper-picks/index.ts,535,await supabase.from('sbo_capper_roi').upsert({
supabase/functions/sbo-parse-capper-image/index.ts,349,".insert({ name: 'Unknown Capper', normalized_name: 'unknowncapper', source: 'system', tier: 'unproven', confidence_grade"
supabase/functions/sbo-parse-capper-image/index.ts,561,"await supabase.from('sbo_capper_picks').update({ matched_prop_id: match.id }).eq('id', pick.id);"
supabase/functions/sbo-parse-capper-image/index.ts,572,"await supabase.from('sbo_cappers').update({ sports: allSports }).eq('id', resolvedCapperId);"
supabase/functions/sbo-recalibrate/index.ts,83,"await supabase.from('sbo_calibration').update(row).eq('id', existing.id);"
supabase/functions/sbo-recalibrate/index.ts,85,await supabase.from('sbo_calibration').insert(row);
supabase/functions/sbo-recalibrate/index.ts,126,"await supabase.from('sbo_bettor_profile').update(profileData).eq('id', profile.id);"
supabase/functions/sbo-run-analysis/index.ts,31,"await supabase.from('sbo_analysis_jobs').update(payload).eq('id', jobId);"
supabase/functions/sbo-run-analysis/index.ts,183,"await supabase.from('sbo_unified_props').delete().eq('game_date', gameDate);"
supabase/functions/sbo-run-analysis/index.ts,243,".update({ status: 'failed', error_message: error instanceof Error ? error.message : String(error) })"
supabase/functions/sbo-run-predictions/index.ts,495,await supabase.from('sbo_polymarket_signals').insert({
supabase/functions/sbo-run-predictions/index.ts,915,.update({
supabase/functions/sbo-run-predictions/index.ts,949,await supabase.from('sbo_saved_picks').insert({
supabase/functions/sbo-send-daily-sms/index.ts,103,await supabase.from('sbo_sms_log').insert({
supabase/functions/sbo-send-daily-sms/index.ts,119,.update({
supabase/functions/sbo-send-picks-sms/index.ts,65,.update({
supabase/functions/sbo-send-picks-sms/index.ts,76,.update({ last_sent_at: new Date().toISOString() })
supabase/functions/sbo-send-picks-sms/index.ts,90,await supabase.from('sbo_sms_sends_log').insert({
supabase/functions/sbo-simulate-parlay/index.ts,54,const { data: sim } = await supabase.from('sbo_simulations').insert({
supabase/functions/sbo-sync-daily/index.ts,38,await supabase.from('sbo_player_season_stats').upsert({
supabase/functions/sbo-sync-daily/index.ts,64,await supabase.from('sbo_sync_log').insert({
supabase/functions/sbo-sync-daily/index.ts,72,await supabase.from('sbo_sync_log').insert({
supabase/functions/sbo-sync-daily/index.ts,85,"await supabase.from('sbo_injuries').update({ is_active: false }).neq('id', '00000000-0000-0000-0000-000000000000');"
supabase/functions/sbo-sync-daily/index.ts,88,await supabase.from('sbo_injuries').upsert({
supabase/functions/sbo-sync-daily/index.ts,106,await supabase.from('sbo_sync_log').insert({
supabase/functions/sbo-sync-daily/index.ts,122,await supabase.from('sbo_team_stats').upsert({
supabase/functions/sbo-sync-daily/index.ts,140,await supabase.from('sbo_sync_log').insert({
supabase/functions/sbo-sync-daily/index.ts,150,await supabase.from('ai_instinct_log').insert({
supabase/functions/sbo-sync-polymarket-full/index.ts,158,await supabase.from('sbo_polymarket_markets').upsert({
supabase/functions/sbo-sync-polymarket-full/index.ts,179,"await supabase.from('sbo_sync_log').insert({ feed_name: 'polymarket_full', last_synced_at: new Date().toISOString(), rec"
supabase/functions/sbo-sync-polymarket-full/index.ts,180,"await supabase.from('sbo_api_costs').insert({ run_date: today, feed_name: 'sbo-sync-polymarket-full', api_provider: 'pol"
supabase/functions/sbo-sync-polymarket/index.ts,88,await supabase.from('sbo_polymarket').upsert({
supabase/functions/sbo-sync-polymarket/index.ts,109,await supabase.from('sbo_sync_log').insert({
supabase/functions/sbo-sync-polymarket/index.ts,116,await supabase.from('sbo_api_costs').insert({
supabase/functions/sbo-sync-pregame/index.ts,48,await supabase.from('sbo_player_game_logs').upsert({
supabase/functions/sbo-sync-pregame/index.ts,86,await supabase.from('sbo_player_projections').upsert({
supabase/functions/sbo-sync-pregame/index.ts,119,"await supabase.from('sbo_sdio_props').delete().eq('game_date', date);"
supabase/functions/sbo-sync-pregame/index.ts,123,await supabase.from('sbo_sdio_props').insert({
supabase/functions/sbo-sync-pregame/index.ts,143,await supabase.from('sbo_sync_log').insert({
supabase/functions/sbo-sync-pregame/index.ts,213,await supabase.from('sbo_player_props').insert({
supabase/functions/sbo-sync-prizepicks/index.ts,114,await supabase.from('sbo_player_props').insert({
supabase/functions/sbo-sync-prizepicks/index.ts,132,await supabase.from('sbo_sync_log').insert({
supabase/functions/sbo-sync-prizepicks/index.ts,154,await supabase.from('sbo_sync_log').insert({
supabase/functions/sbo-telegram-intake/index.ts,450,".update({ processing_status: ""deleted"" })"
supabase/functions/sbo-telegram-intake/index.ts,466,.update({
supabase/functions/sbo-telegram-intake/index.ts,488,.update({
supabase/functions/sbo-telegram-intake/index.ts,502,.update({
supabase/functions/sbo-telegram-intake/index.ts,534,.update({
supabase/functions/sbo-telegram-intake/index.ts,547,.update({
supabase/functions/sbo-telegram-intake/index.ts,560,.update({
supabase/functions/sbo-telegram-intake/index.ts,575,.update({
supabase/functions/sbo-telegram-intake/index.ts,619,.update({
supabase/functions/sbo-telegram-intake/index.ts,631,.update({
supabase/functions/sbo-telegram-intake/index.ts,705,.update({
supabase/functions/sbo-telegram-intake/index.ts,718,.update({
supabase/functions/sbo-telegram-intake/index.ts,729,.update({
supabase/functions/sbo-telegram-intake/index.ts,754,.update({
supabase/functions/sbo-top-plays/index.ts,149,"await supabase.from(""props_master"").update({"
supabase/functions/sbo-top-plays/index.ts,161,"await supabase.from(""sbo_top_plays"").delete().eq(""game_date"", gameDate);"
supabase/functions/sbo-top-plays/index.ts,172,"await supabase.from(""sbo_top_plays"").insert({"
supabase/functions/sbo-top-plays/index.ts,195,"await supabase.from(""sbo_signal_performance"").insert({"
supabase/functions/sbo-top-plays/index.ts,224,"await supabase.from(""sbo_top_plays"").insert({"
supabase/functions/sbo-top-plays/index.ts,239,.update({
supabase/functions/sbo-track-clv/index.ts,85,await supabase.from('sbo_clv_tracker').insert({
supabase/functions/sbo-track-clv/index.ts,96,"await supabase.from('sbo_predictions').update({ clv_tracked: true }).eq('id', pred.id);"
supabase/functions/sbo-track-clv/index.ts,111,"await supabase.from('sbo_bettor_profile').update({ avg_clv: Math.round(avgCLV * 100) / 100 }).eq('id', profile.id);"
supabase/functions/sbo-track-results/index.ts,74,.update({
supabase/functions/sbo-track-results/index.ts,99,.update({
supabase/functions/sbo-track-results/index.ts,131,.update({
supabase/functions/sbo-track-results/index.ts,215,.update({
supabase/functions/sbo-track-results/index.ts,269,await supabase.from('sbo_accuracy_log').upsert({
supabase/functions/sbo-track-results/index.ts,302,.update({
supabase/functions/sbo-track-results/index.ts,349,await supabase.from('sbo_sync_log').insert({
supabase/functions/sbo-verify-results/index.ts,195,"return await supabase.from(table).update(fields).eq(col, val);"
supabase/functions/sbo-verify-results/index.ts,200,"return await supabase.from(table).upsert(row, opts);"
supabase/functions/sbo-verify-results/index.ts,205,return await supabase.from(table).insert(row);
supabase/functions/sbo-weight-optimizer/index.ts,121,await supabase.from('sbo_weight_history').insert({
supabase/functions/sbo-weight-optimizer/index.ts,139,.update({
supabase/functions/scraper-ingest/index.ts,57,"await supabase.from(""scraper_state"").update({"
supabase/functions/scraper-ingest/index.ts,90,"await supabase.from(""raw_scraper_leads_rejects"").insert({"
supabase/functions/scraper-ingest/index.ts,130,"await supabase.from(""scraper_state"").upsert({"
supabase/functions/scraper-ingest/index.ts,140,"await supabase.from(""scraper_runs"").insert({"
supabase/functions/select-personality/index.ts,163,"await supabase.from(""brandaro_personality_assignments"").insert({"
supabase/functions/send-booking-reminders/index.ts,87,"await supabase.from(""tt_bookings"").update({ [stampCol]: new Date().toISOString() }).eq(""id"", b.id);"
supabase/functions/send-booking-reminders/index.ts,111,.update({ [stampCol]: new Date().toISOString() })
supabase/functions/send-crm-invite/index.ts,170,"await supabase.from('crm_invitations').delete().eq('id', invitation.id);"
supabase/functions/send-invoice-receipt/index.ts,59,await supabase.from('invoice_receipt_log').insert({
supabase/functions/send-invoice-receipt/index.ts,69,"await supabase.from('invoices').update({ receipt_status: 'blocked' }).eq('id', request.invoice_id!);"
supabase/functions/send-invoice-receipt/index.ts,122,await supabase.from('invoice_receipt_log').insert({
supabase/functions/send-invoice-receipt/index.ts,133,"await supabase.from('invoices').update({ receipt_status: 'skipped' }).eq('id', request.invoice_id!);"
supabase/functions/send-invoice-receipt/index.ts,195,await supabase.from('invoice_receipt_log').insert({
supabase/functions/send-invoice-receipt/index.ts,206,"await supabase.from('invoices').update({ receipt_status: 'skipped' }).eq('id', request.invoice_id!);"
supabase/functions/send-invoice-receipt/index.ts,237,await supabase.from('invoice_receipt_log').insert({
supabase/functions/send-invoice-receipt/index.ts,251,await supabase.from('invoices').update({
supabase/functions/send-invoice-receipt/index.ts,260,await supabase.from('messaging_messages').insert({
supabase/functions/send-mass-offers/index.ts,76,.update({ offer_sent_date: new Date().toISOString() })
supabase/functions/send-sms/index.ts,251,"await supabase.from(""outbound_messages"").insert({"
supabase/functions/send-sms/index.ts,422,.update({ provider: fallbackProvider as any })
supabase/functions/send-sms/index.ts,432,.update({
supabase/functions/send-sms/index.ts,458,.update({
supabase/functions/sf-assign-attorney/index.ts,57,.update({
supabase/functions/sf-assign-attorney/index.ts,67,.update({ cases_total: (attorney.cases_total ?? 0) + 1 })
supabase/functions/sf-lead-import/index.ts,157,"await supabase.from(""re_automation_log"").insert({"
supabase/functions/sf-payment-handler/index.ts,110,.update({
supabase/functions/sf-post-call-analysis/index.ts,73,"await supabase.from('surplus_funds_leads').update(update).eq('id', lead_id);"
supabase/functions/sf-send-contract/index.ts,117,".update({ status: 'contract_sent', updated_at: new Date().toISOString() })"
supabase/functions/sf-trigger-bland-campaign/index.ts,85,"await supabase.from('surplus_funds_leads').update({ dnc: true }).in('id', blocked);"
supabase/functions/simulate-lines/index.ts,159,.update({
supabase/functions/simulate-lines/index.ts,168,.update({
supabase/functions/simulate-outcomes/index.ts,270,.update({ recommended_scenario_id: recommendedScenario.id })
supabase/functions/sms-inbound-webhook/index.ts,123,.insert({
supabase/functions/sms-inbound-webhook/index.ts,153,.insert({
supabase/functions/sms-inbound-webhook/index.ts,170,.update({
supabase/functions/sms-inbound-webhook/index.ts,184,.update({
supabase/functions/sms-inbound-webhook/index.ts,252,.update({
supabase/functions/sms-inbound-webhook/index.ts,276,.insert({
supabase/functions/sms-inbound-webhook/index.ts,291,.insert({
supabase/functions/sms-writer/index.ts,72,"await supabase.from(""brandaro_pending_messages"").insert({"
supabase/functions/solar-ai-closer/index.ts,162,"await supabase.from(""solar_closing_sessions"").update({"
supabase/functions/solar-call-initiate/index.ts,129,"await supabase.from(""solar_interactions"").insert({"
supabase/functions/solar-call-initiate/index.ts,145,"await supabase.from(""live_calls"" as any).insert({"
supabase/functions/solar-call-initiate/index.ts,156,"await supabase.from(""solar_leads"").update({ status: ""contacted"" }).eq(""id"", lead_id);"
supabase/functions/solar-call-initiate/index.ts,158,"await supabase.from(""solar_outreach_contacts"").update({"
supabase/functions/solar-call-logger/index.ts,57,"await supabase.from(""solar_interactions"").insert({"
supabase/functions/solar-call-logger/index.ts,74,"await supabase.from(""solar_leads"").update({"
supabase/functions/solar-call-logger/index.ts,85,"await supabase.from(""solar_outreach_contacts"").update({"
supabase/functions/solar-call-logger/index.ts,94,"await supabase.from(""solar_notifications"").insert({"
supabase/functions/solar-call-logger/index.ts,129,"await supabase.from(""solar_followups"").insert({"
supabase/functions/solar-followup-engine/index.ts,32,".update({ status: ""cancelled"" })"
supabase/functions/solar-followup-engine/index.ts,75,"await supabase.from(""solar_notifications"").insert({"
supabase/functions/solar-followup-engine/index.ts,83,"await supabase.from(""solar_notifications"").insert({"
supabase/functions/solar-followup-engine/index.ts,93,".update({ status: ""cancelled"" })"
supabase/functions/solar-followup-engine/index.ts,100,"await supabase.from(""solar_notifications"").insert({"
supabase/functions/solar-followup-engine/index.ts,109,"await supabase.from(""solar_notifications"").insert({"
supabase/functions/solar-followup-engine/index.ts,142,"await supabase.from(""solar_leads"").update({ status: ""booked"" }).eq(""id"", lead_id);"
supabase/functions/solar-followup-engine/index.ts,147,".update({ status: ""cancelled"" })"
supabase/functions/solar-followup-engine/index.ts,152,"await supabase.from(""solar_notifications"").insert({"
supabase/functions/solar-followup-engine/index.ts,186,"await supabase.from(""solar_followups"").insert(reminders);"
supabase/functions/solar-followup-engine/index.ts,197,"await supabase.from(""solar_notifications"").insert({"
supabase/functions/solar-followup-sender/index.ts,80,.update({
supabase/functions/solar-followup-sender/index.ts,95,.update({
supabase/functions/solar-followup-sender/index.ts,160,.update({
supabase/functions/solar-followup-sender/index.ts,177,.update({
supabase/functions/solar-followup-sender/index.ts,191,.update({
supabase/functions/solar-parallel-dialer/index.ts,26,"await supabase.from(""solar_call_batches"").update({ status: ""paused"", updated_at: new Date().toISOString() }).eq(""id"", ba"
supabase/functions/solar-parallel-dialer/index.ts,30,"await supabase.from(""solar_call_batches"").update({ status: ""running"", updated_at: new Date().toISOString() }).eq(""id"", b"
supabase/functions/solar-parallel-dialer/index.ts,34,"await supabase.from(""solar_call_batches"").update({ status: ""completed"", completed_at: new Date().toISOString(), updated_"
supabase/functions/solar-parallel-dialer/index.ts,52,"await supabase.from(""solar_call_batches"").update({ status: ""running"", started_at: new Date().toISOString(), updated_at: "
supabase/functions/solar-parallel-dialer/index.ts,89,"await supabase.from(""solar_call_batches"").update({ status: ""completed"", completed_at: new Date().toISOString(), updated_"
supabase/functions/solar-parallel-dialer/index.ts,110,"await supabase.from(""solar_call_queue"").update({"
supabase/functions/solar-parallel-dialer/index.ts,163,"await supabase.from(""solar_call_queue"").update({"
supabase/functions/solar-parallel-dialer/index.ts,176,"await supabase.from(""solar_call_queue"").update({"
supabase/functions/solar-parallel-dialer/index.ts,182,"await supabase.from(""live_calls"" as any).insert({"
supabase/functions/solar-parallel-dialer/index.ts,204,"await supabase.from(""solar_call_queue"").update({"
supabase/functions/solar-parallel-dialer/index.ts,211,"await supabase.from(""solar_call_queue"").update({"
supabase/functions/solar-parallel-dialer/index.ts,222,"await supabase.from(""solar_call_batches"").update({"
supabase/functions/speech-gate/index.ts,144,.update({
supabase/functions/speech-gate/index.ts,229,.update({
supabase/functions/speech-gate/index.ts,279,.update({
supabase/functions/speech-gate/index.ts,308,.update({
supabase/functions/sportsbook-lines-ingest/index.ts,186,.delete()
supabase/functions/sportsbook-lines-ingest/index.ts,306,.delete()
supabase/functions/start-followup-execution-run/index.ts,151,"await supabase.from(""follow_up_execution_targets"").insert(batch);"
supabase/functions/start-followup-execution-run/index.ts,157,".update({ status: ""running"" })"
supabase/functions/store-performance-engine/index.ts,251,.update({
supabase/functions/store-voice-notes-transcribe/index.ts,54,".update({ status: ""failed"" })"
supabase/functions/store-voice-notes-transcribe/index.ts,98,".update({ status: ""failed"" })"
supabase/functions/strategic-grant-brain/index.ts,140,"await supabase.from(""client_notes"").insert({"
supabase/functions/strict-verify-batch/index.ts,105,.delete()
supabase/functions/strict-verify-batch/index.ts,111,.delete()
supabase/functions/style-profile-manager/index.ts,188,"await supabase.from(""style_technique_attribution"").insert({"
supabase/functions/style-profile-manager/index.ts,201,"await supabase.from(""style_promotion_requests"").insert({"
supabase/functions/style-profile-manager/index.ts,304,.update({
supabase/functions/style-profile-manager/index.ts,319,.update({
supabase/functions/style-profile-manager/index.ts,329,.update({
supabase/functions/style-profile-manager/index.ts,357,.update({
supabase/functions/submit-public-intake/index.ts,120,".update({ submitted_at: new Date().toISOString(), status: ""submitted"", updated_at: new Date().toISOString() })"
supabase/functions/supplier-reply-webhook/index.ts,56,await supabase.from('ut_supplier_messages').insert({
supabase/functions/supplier-reply-webhook/index.ts,70,await supabase.from('ut_supplier_threads').update({
supabase/functions/supplier-send/index.ts,78,await supabase.from('ut_supplier_messages').insert({
supabase/functions/supplier-send/index.ts,94,await supabase.from('ut_supplier_threads').update({
supabase/functions/sync-bland-call/index.ts,57,"await supabase.from('dynasty_call_history').update(patch).eq('call_id', callId);"
supabase/functions/sync-bland-call/index.ts,59,await supabase.from('dynasty_call_history').insert({
supabase/functions/sync-bland-call/index.ts,70,await supabase.from('dynasty_call_transcripts').insert({
supabase/functions/sync-bland-call/index.ts,80,await supabase.from('dynasty_ai_calls').update({
supabase/functions/sync-clipper-metrics/index.ts,120,".update({ amount: base_earnings, status: ""approved"" })"
supabase/functions/sync-clipper-metrics/index.ts,123,"await (supabase as any).from(""clipper_earnings"").insert({"
supabase/functions/sync-clipper-metrics/index.ts,166,".update({ total_views, total_earnings })"
supabase/functions/test-ring/index.ts,776,.update({
supabase/functions/test-ring/index.ts,786,.insert({
supabase/functions/test-ring/index.ts,810,.update({
supabase/functions/track-ambassador-referral/index.ts,129,.update(updates)
supabase/functions/transfer-campaign-call/index.ts,154,"await supabase.from(""outbound_call_queue"").update({"
supabase/functions/transfer-campaign-call/index.ts,180,"await supabase.from(""live_call_transcripts"").insert({"
supabase/functions/transfer-campaign-call/index.ts,223,"await supabase.from(""human_agent_line_status"").upsert({"
supabase/functions/transfer-campaign-call/index.ts,255,"await supabase.from(""human_agent_line_status"").upsert({"
supabase/functions/transfer-campaign-call/index.ts,265,"await supabase.from(""outbound_call_queue"").update({"
supabase/functions/transfer-campaign-call/index.ts,273,"await supabase.from(""live_call_transcripts"").insert({"
supabase/functions/trust-calibration-engine/index.ts,55,.update({
supabase/functions/trust-calibration-engine/index.ts,73,.update({
supabase/functions/trust-calibration-engine/index.ts,82,.insert({
supabase/functions/trust-calibration-engine/index.ts,263,.upsert({
supabase/functions/tt-assign-driver/index.ts,23,"await supabase.from('tt_bookings').update({ driver_id, status: 'driver_assigned' }).eq('id', booking_id);"
supabase/functions/tt-assign-driver/index.ts,26,await supabase.from('tt_dispatches').update({
supabase/functions/tt-assign-driver/index.ts,35,"await supabase.from('tt_drivers').update({ status: 'on_assignment' }).eq('id', driver_id);"
supabase/functions/tt-assign-driver/index.ts,48,await supabase.from('tt_notifications_log').insert({
supabase/functions/tt-auto-dispatch/index.ts,200,.insert({
supabase/functions/tt-auto-dispatch/index.ts,226,.update({
supabase/functions/tt-auto-dispatch/index.ts,283,"await supabase.from(""tt_dispatch_requests"").insert({"
supabase/functions/tt-auto-dispatch/index.ts,297,".update({ status: ""needs_dispatch"" })"
supabase/functions/tt-auto-dispatch/index.ts,329,.insert({
supabase/functions/tt-auto-dispatch/index.ts,355,.update({
supabase/functions/tt-auto-dispatch/index.ts,362,"await supabase.from(""tt_notifications_log"").insert({"
supabase/functions/tt-auto-dispatch/index.ts,501,.insert({
supabase/functions/tt-auto-dispatch/index.ts,528,.update({
supabase/functions/tt-auto-dispatch/index.ts,536,"await supabase.from(""tt_notifications_log"").insert({"
supabase/functions/tt-auto-dispatch/index.ts,635,"await supabase.from(""tt_dispatch_requests"").insert({"
supabase/functions/tt-auto-dispatch/index.ts,651,".update({ status: ""needs_dispatch"" })"
supabase/functions/tt-auto-dispatch/index.ts,676,.insert({
supabase/functions/tt-auto-dispatch/index.ts,706,.update({
supabase/functions/tt-auto-dispatch/index.ts,713,"await supabase.from(""tt_notifications_log"").insert({"
supabase/functions/tt-booking-fulfillment/index.ts,209,".insert({ booking_id: booking.id, partner_id: partner.id, status: ""pending"" })"
supabase/functions/tt-booking-fulfillment/index.ts,229,"await supabase.from(""tt_booking_events"").insert({"
supabase/functions/tt-booking-fulfillment/index.ts,236,".update({ status: ""awaiting_partner"", updated_at: new Date().toISOString() })"
supabase/functions/tt-booking-fulfillment/index.ts,290,"await supabase.from(""tt_broadcast_quotes"").insert({"
supabase/functions/tt-booking-fulfillment/index.ts,312,"await supabase.from(""tt_booking_events"").insert({"
supabase/functions/tt-booking-fulfillment/index.ts,325,".update({ status: ""dispatched"", updated_at: new Date().toISOString() })"
supabase/functions/tt-booking-fulfillment/index.ts,336,"await supabase.from(""tt_broadcast_quotes"").insert({"
supabase/functions/tt-booking-fulfillment/index.ts,358,"await supabase.from(""tt_booking_events"").insert({"
supabase/functions/tt-booking-fulfillment/index.ts,365,".update({ status: ""dispatched"", updated_at: new Date().toISOString() })"
supabase/functions/tt-finalize-accept/index.ts,109,await supabase.from('tt_bookings').update({
supabase/functions/tt-finalize-accept/index.ts,112,await supabase.from('tt_notifications_log').insert({
supabase/functions/tt-finalize-accept/index.ts,131,await supabase.from('tt_bookings').update({
supabase/functions/tt-finalize-accept/index.ts,136,await supabase.from('tt_notifications_log').insert({
supabase/functions/tt-finalize-accept/index.ts,145,await supabase.from('tt_bookings').update({
supabase/functions/tt-finalize-accept/index.ts,148,await supabase.from('tt_notifications_log').insert({
supabase/functions/tt-finalize-accept/index.ts,192,await supabase.from('tt_notifications_log').insert({
supabase/functions/tt-finalize-accept/index.ts,223,".update({ status: 'sent', accepted_partner_id: null, accepted_partner_name: null, accepted_at: null })"
supabase/functions/tt-finalize-accept/index.ts,226,"await supabase.from('tt_partner_assets').update({ is_available: true }).eq('id', partner.id)"
supabase/functions/tt-finalize-accept/index.ts,251,.update({ status: 'needs_review' })
supabase/functions/tt-finalize-accept/index.ts,254,.update({ status: 'accepted_meeting_point_pending' })
supabase/functions/tt-finalize-accept/index.ts,256,await supabase.from('tt_notifications_log').insert({
supabase/functions/tt-finalize-accept/index.ts,270,.update({ status: 'accepted_meeting_point_pending' })
supabase/functions/tt-finalize-accept/index.ts,272,await supabase.from('tt_notifications_log').insert({
supabase/functions/tt-finalize-accept/index.ts,350,await supabase.from('tt_notifications_log').insert({
supabase/functions/tt-finalize-accept/index.ts,411,await supabase.from('tt_notifications_log').insert({
supabase/functions/tt-partner-response/index.ts,149,.update({ notified_taken_at: new Date().toISOString() })
supabase/functions/tt-partner-response/index.ts,192,.update({
supabase/functions/tt-partner-response/index.ts,202,.update({
supabase/functions/tt-partner-response/index.ts,244,await supabase.from('tt_notifications_log').insert({
supabase/functions/tt-partner-response/index.ts,279,.update({
supabase/functions/tt-partner-response/index.ts,288,.update({ status: 'needs_dispatch' })
supabase/functions/tt-release-expired-auths/index.ts,91,"await supabase.from(""tt_notifications_log"").insert({"
supabase/functions/tt-release-expired-auths/index.ts,98,"await supabase.from(""tt_bookings"").update({"
supabase/functions/tt-release-expired-auths/index.ts,103,"await supabase.from(""tt_notifications_log"").insert({"
supabase/functions/tt-release-expired-auths/index.ts,136,"await supabase.from(""tt_bookings"").update({"
supabase/functions/tt-release-expired-auths/index.ts,141,"await supabase.from(""tt_notifications_log"").insert({"
supabase/functions/tt-release-expired-auths/index.ts,173,"await supabase.from(""tt_notifications_log"").insert({"
supabase/functions/tt-smart-dispatch/index.ts,54,await supabase.from('tt_dispatch_requests').insert({
supabase/functions/tt-smart-dispatch/index.ts,70,await supabase.from('tt_notifications_log').insert({
supabase/functions/tt-smart-dispatch/index.ts,119,await supabase.from('tt_notifications_log').insert({
supabase/functions/tt-smart-dispatch/index.ts,269,await supabase.from('tt_notifications_log').insert({
supabase/functions/tt-smart-dispatch/index.ts,298,.insert({
supabase/functions/tt-smart-dispatch/index.ts,440,"await supabase.from('tt_bookings').update({ status: 'dispatched' }).eq('id', booking.id)"
supabase/functions/tt-smart-dispatch/index.ts,665,".insert({ ...baseRow, status: 'needs_review', matched_partners: [], auto_matched: false })"
supabase/functions/tt-smart-dispatch/index.ts,667,await supabase.from('tt_notifications_log').insert({
supabase/functions/tt-smart-dispatch/index.ts,702,"await supabase.from('tt_bookings').update({ status: 'dispatched' }).eq('id', booking.id)"
supabase/functions/tt-smart-dispatch/index.ts,796,await supabase.from('tt_notifications_log').insert({
supabase/functions/tt-smart-dispatch/index.ts,820,await supabase.from('tt_dispatch_requests').insert({
supabase/functions/tt-smart-dispatch/index.ts,865,.insert({
supabase/functions/tt-smart-dispatch/index.ts,943,"await supabase.from('tt_bookings').update({ status: 'dispatched' }).eq('id', booking.id)"
supabase/functions/tt-update-booking-status/index.ts,37,"await supabase.from('tt_bookings').update(updateData).eq('id', booking_id);"
supabase/functions/tt-update-booking-status/index.ts,57,"await supabase.from('tt_dispatches').update(dispatchUpdate).eq('booking_id', booking_id);"
supabase/functions/tt-update-booking-status/index.ts,64,"await supabase.from('tt_drivers').update({ status: 'available' }).eq('id', booking.driver_id);"
supabase/functions/tt-update-booking-status/index.ts,73,await supabase.from('tt_notifications_log').insert({
supabase/functions/twilio-bridge-fallback/index.ts,64,"await supabase.from(""outbound_call_queue"").update(update).eq(""id"", queue_item_id);"
supabase/functions/twilio-bridge-fallback/index.ts,71,.update({
supabase/functions/twilio-bridge-to-bland/index.ts,87,.update({
supabase/functions/twilio-bridge-to-bland/index.ts,190,.update({
supabase/functions/twilio-bridge-to-bland/index.ts,235,.update({
supabase/functions/twilio-call-events/index.ts,133,".update({ ...updatePayload, call_sid: callSid })"
supabase/functions/twilio-call-events/index.ts,144,"await supabase.from(""live_calls"").insert({"
supabase/functions/twilio-call-events/index.ts,167,".update({ status: callStatus === ""completed"" ? ""completed"" : ""failed"" })"
supabase/functions/twilio-call-status/signature_test.ts,32,"Deno.env.delete(""DIALER_SKIP_TWILIO_VERIFY"");"
supabase/functions/twilio-campaign-confirm/index.ts,74,"await supabase.from(""live_call_transcripts"").insert({"
supabase/functions/twilio-campaign-confirm/index.ts,86,.update({
supabase/functions/twilio-campaign-confirm/index.ts,116,.update({
supabase/functions/twilio-campaign-confirm/index.ts,161,.update({
supabase/functions/twilio-campaign-twiml/index.ts,82,".update({ status: ""intro_playing"", updated_at: new Date().toISOString() })"
supabase/functions/twilio-campaign-twiml/index.ts,102,.update({
supabase/functions/twilio-campaign-twiml/index.ts,150,".update({ status: ""awaiting_input"", updated_at: new Date().toISOString() })"
supabase/functions/twilio-gather-webhook/index.ts,113,.insert({
supabase/functions/twilio-gather-webhook/index.ts,134,.insert({
supabase/functions/twilio-gather-webhook/index.ts,146,.update({
supabase/functions/twilio-human-call-complete/index.ts,38,"await supabase.from(""human_agent_line_status"").upsert({"
supabase/functions/twilio-human-call-complete/index.ts,50,"await supabase.from(""outbound_call_queue"").update({"
supabase/functions/twilio-human-call-complete/index.ts,58,".update({ status: ""connected"", updated_at: new Date().toISOString() })"
supabase/functions/twilio-human-call-complete/index.ts,79,"supabase.from(""live_call_transcripts"").insert({"
supabase/functions/twilio-human-queue-hold/index.ts,41,".update({ status: ""abandoned"", updated_at: new Date().toISOString() })"
supabase/functions/twilio-human-queue-hold/index.ts,45,"supabase.from(""live_call_transcripts"").insert({"
supabase/functions/twilio-human-queue-hold/index.ts,68,"await supabase.from(""human_agent_line_status"").upsert({"
supabase/functions/twilio-human-queue-hold/index.ts,79,".update({ status: ""connecting"", updated_at: new Date().toISOString() })"
supabase/functions/twilio-human-queue-hold/index.ts,84,"supabase.from(""outbound_call_queue"").update({"
supabase/functions/twilio-inbound-call/index.ts,120,"supabase.from(""dc_call_logs"").insert({"
supabase/functions/twilio-manual-call/index.ts,77,.update({
supabase/functions/twilio-manual-call/index.ts,189,.update({
supabase/functions/twilio-manual-call/index.ts,197,"await supabase.from(""call_recordings"").upsert("
supabase/functions/twilio-outbound-call/index.ts,208,.update({
supabase/functions/twilio-outbound-call/index.ts,235,.update({
supabase/functions/twilio-recording-callback/index.ts,72,".update({ status: ""completed"", updated_at: new Date().toISOString() })"
supabase/functions/twilio-recording-callback/index.ts,132,"await supabase.from(""live_call_transcripts"").insert({"
supabase/functions/twilio-recording-callback/index.ts,143,.update({ has_transcript: true })
supabase/functions/twilio-sms-status/index.ts,245,"await supabase.from(""store_contacts"").update(verifPatch).eq(""id"", verifContact.id);"
supabase/functions/twilio-transfer-choice-webhook/index.ts,51,"supabase.from(""live_call_transcripts"").insert({"
supabase/functions/twilio-transfer-choice-webhook/index.ts,70,"supabase.from(""live_call_transcripts"").insert({"
supabase/functions/twilio-transfer-choice-webhook/index.ts,77,"supabase.from(""outbound_call_queue"").update({"
supabase/functions/twilio-transfer-choice-webhook/index.ts,119,"await supabase.from(""human_agent_line_status"").upsert({"
supabase/functions/twilio-transfer-choice-webhook/index.ts,129,"supabase.from(""live_call_transcripts"").insert({"
supabase/functions/twilio-transfer-choice-webhook/index.ts,135,"supabase.from(""outbound_call_queue"").update({"
supabase/functions/twilio-transfer-choice-webhook/index.ts,167,"await supabase.from(""human_agent_call_queue"").insert({"
supabase/functions/twilio-transfer-choice-webhook/index.ts,176,"supabase.from(""live_call_transcripts"").insert({"
supabase/functions/uben-sync-donation/index.ts,156,.update({
supabase/functions/ut-ai-business-builder/index.ts,101,"await supabase.from(""ut_ai_ingestion_jobs"").update({"
supabase/functions/ut-ai-business-builder/index.ts,128,"await supabase.from(""ut_ai_extracted_data"").insert(extractedRows);"
supabase/functions/ut-ai-business-builder/index.ts,154,"const { data: menu } = await supabase.from(""ut_partner_menus"").insert({"
supabase/functions/ut-ai-business-builder/index.ts,161,"await supabase.from(""ut_ai_extracted_data"").update({ status: ""applied"", applied_to_id: menu.id, applied_to_table: ""ut_pa"
supabase/functions/ut-ai-business-builder/index.ts,171,"const { data: mi } = await supabase.from(""ut_partner_menu_items"").insert({"
supabase/functions/ut-ai-business-builder/index.ts,177,"await supabase.from(""ut_ai_extracted_data"").update({ status: ""applied"", applied_to_id: mi.id, applied_to_table: ""ut_part"
supabase/functions/ut-ai-business-builder/index.ts,186,"const { data: pkg } = await supabase.from(""ut_partner_service_packages"").insert({"
supabase/functions/ut-ai-business-builder/index.ts,192,"await supabase.from(""ut_ai_extracted_data"").update({ status: ""applied"", applied_to_id: pkg.id, applied_to_table: ""ut_par"
supabase/functions/ut-ai-business-builder/index.ts,262,"const { data: saved } = await supabase.from(""ut_ai_generated_listings"").insert({"
supabase/functions/ut-ai-business-builder/index.ts,351,"await supabase.from(""ut_ai_suggestions"").update({ status: ""dismissed"" }).eq(""partner_id"", partner_id).eq(""status"", ""acti"
supabase/functions/ut-ai-business-builder/index.ts,358,"await supabase.from(""ut_ai_suggestions"").insert(rows);"
supabase/functions/ut-ai-business-builder/index.ts,433,"const { data: synthJob } = await supabase.from(""ut_ai_ingestion_jobs"").insert({"
supabase/functions/ut-ai-business-builder/index.ts,439,"await supabase.from(""ut_ai_extracted_data"").insert(rows);"
supabase/functions/ut-ambassador-finder/index.ts,76,.update({
supabase/functions/ut-create-checkout/index.ts,110,.update({
supabase/functions/ut-get-ambassador-leaderboard/index.ts,16,"await supabase.from(""dynasty_os_api_logs"").insert({ endpoint: ""get-ambassador-leaderboard"", method: ""GET"" });"
supabase/functions/ut-get-platform-metrics/index.ts,20,"await supabase.from(""dynasty_os_api_logs"").insert({ endpoint: ""get-platform-metrics"", method: ""GET"" });"
supabase/functions/ut-get-vendor-summary/index.ts,20,"await supabase.from(""dynasty_os_api_logs"").insert({ endpoint: ""get-vendor-summary"", method: ""GET"" });"
supabase/functions/ut-growth-engine/index.ts,124,await supabase.from('ut_leads').update({
supabase/functions/ut-growth-engine/index.ts,140,if (logs.length) await supabase.from('ut_outreach_log').insert(logs)
supabase/functions/ut-growth-engine/index.ts,141,await supabase.from('ut_campaigns').update({
supabase/functions/ut-growth-engine/index.ts,227,await supabase.from('ut_leads').update({
supabase/functions/ut-growth-engine/index.ts,231,await supabase.from('ut_outreach_log').insert({
supabase/functions/ut-growth-engine/index.ts,241,await supabase.from('ut_campaigns').update({
supabase/functions/ut-growth-engine/index.ts,267,await supabase.from('ut_growth_reports').upsert({
supabase/functions/ut-growth-engine/index.ts,328,".update({ ai_dm_message: dm.dm }).eq('username', dm.username)"
supabase/functions/ut-growth-engine/index.ts,332,".update({ status: 'dm_sent', dm_sent_at: new Date().toISOString() })"
supabase/functions/ut-growth-engine/index.ts,340,if (logs.length) await supabase.from('ut_outreach_log').insert(logs)
supabase/functions/ut-lead-scraper/index.ts,33,".insert({ run_type: 'lead_scrape', source, status: 'running' })"
supabase/functions/ut-lead-scraper/index.ts,128,.update({
supabase/functions/ut-lead-scraper/index.ts,141,.update({
supabase/functions/ut-stripe-connect-onboard/index.ts,31,"await supabase.from(""ut_vendors"").update({ stripe_connect_id: accountId }).eq(""id"", vendor_id);"
supabase/functions/ut-supplier-automation/index.ts,37,await supabase.from('ut_supplier_conversations').insert({
supabase/functions/ut-supplier-automation/index.ts,56,await supabase.from('ut_suppliers').update({
supabase/functions/ut-supplier-automation/index.ts,62,await supabase.from('ut_supplier_risk_profiles').upsert({
supabase/functions/ut-supplier-automation/index.ts,84,await supabase.from('ut_suppliers').update({
supabase/functions/ut-update-kit-order/index.ts,89,"await supabase.from(""dynasty_os_api_logs"").insert({"
supabase/functions/ut-update-vendor-rating/index.ts,17,"await supabase.from(""ut_vendors"").update({"
supabase/functions/va-analyze-call/index.ts,83,.update({
supabase/functions/va-create-pay-session/index.ts,120,"await supabase.from(""va_invoices"").update(update).eq(""id"", invoice.id);"
supabase/functions/va-dialer-status/index.ts,88,"await supabaseAdmin.from(""va_call_logs"").update(updateData).eq(""id"", targetCallLogId);"
supabase/functions/va-evaluator-ai/index.ts,153,.update({
supabase/functions/va-evaluator-ai/index.ts,164,.insert({
supabase/functions/va-initiate-call/index.ts,81,".update({ call_status: ""ringing"" })"
supabase/functions/va-post-call-analysis/index.ts,139,"await supabaseAdmin.from(""va_call_logs"").update(updateData).eq(""id"", callLogId);"
supabase/functions/va-power-dialer/index.ts,69,"await supabaseAdmin.from(""va_call_logs"").insert({"
supabase/functions/va-power-dialer/index.ts,91,.insert({
supabase/functions/va-power-dialer/index.ts,127,"await supabaseAdmin.from(""va_call_logs"").update(updateData).eq(""id"", callLogId);"
supabase/functions/va-power-dialer/index.ts,139,.update({ excitement_level: excitementLevel })
supabase/functions/va-power-dialer/index.ts,145,.update({ callback_scheduled_at: callbackAt })
supabase/functions/va-send-invoice/index.ts,279,.update({ stripe_sync_error: msg })
supabase/functions/va-send-invoice/index.ts,562,.update({ last_send_error: ensured.error })
supabase/functions/va-send-invoice/index.ts,586,.update({ last_send_error: errMsg })
supabase/functions/va-send-invoice/index.ts,722,".update({ last_send_error: sendResult.error || ""Unknown send error"" })"
supabase/functions/va-send-invoice/index.ts,732,.insert({
supabase/functions/va-send-invoice/index.ts,743,.update({
supabase/functions/va-trainer-ai/index.ts,100,.insert({
supabase/functions/va-translate-batch/index.ts,82,"await supabase.from(""va_ui_translations"").upsert(rows, {"
supabase/functions/verify-contact-number/index.ts,129,"await supabase.from(""store_contacts"").update({"
supabase/functions/verify-contact-number/index.ts,142,"await supabase.from(""store_contacts"").update({"
supabase/functions/verify-contact-number/index.ts,153,"await supabase.from(""communication_logs"").insert({"
supabase/functions/voicemail-webhook/index.ts,140,.insert({
supabase/functions/voicemail-webhook/index.ts,168,.insert({
supabase/functions/voicemail-webhook/index.ts,193,.insert({
supabase/functions/voicemail-webhook/index.ts,206,.update({
supabase/functions/warehouse-brain-engine/index.ts,82,.update({
supabase/functions/warehouse-brain-engine/index.ts,88,"await supabase.from(""inventory_movements"").insert({"
supabase/functions/warehouse-brain-engine/index.ts,126,.update({ quantity_received: qtyReceived })
supabase/functions/warehouse-brain-engine/index.ts,140,.update({
supabase/functions/warehouse-brain-engine/index.ts,145,"await supabase.from(""inventory_stock"").insert({"
supabase/functions/warehouse-brain-engine/index.ts,153,"await supabase.from(""inventory_movements"").insert({"
supabase/functions/warehouse-brain-engine/index.ts,168,".update({ status: ""received"" })"
supabase/functions/website-pitch-writer/index.ts,75,.update({ demo_url: durable_url })
supabase/functions/website-pitch-writer/index.ts,79,"await supabase.from(""brandaro_pending_messages"").insert({"
supabase/functions/weekly-briefing/index.ts,141,.insert({
supabase/functions/weekly-briefing/index.ts,150,await supabase.from('ai_instinct_log').insert({
